,ID,region,field,M05_age_opt,M05_AV_opt,M13_age_opt,M13_AV_opt,BC_age_opt,BC_AV_opt,x2_spectra_M05_opt,x2_photo_M05_opt,x2_spectra_M13_opt,x2_photo_M13_opt,x2_spectra_BC_opt,x2_photo_BC_opt,M05_age_MCMC50,M05_age_std,M05_AV_MCMC50,M05_AV_std,M13_age_MCMC50,M13_age_std,M13_AV_MCMC50,M13_AV_std,BC_age_MCMC50,BC_age_std,BC_AV_MCMC50,BC_AV_std,x2_spectra_M05_MCMC50,x2_photo_M05_MCMC50,x2_spectra_M13_MCMC50,x2_photo_M13_MCMC50,x2_spectra_BC_MCMC50,x2_photo_BC_MCMC50,x2_M05_opt,x2_M13_opt,x2_BC_opt,x2_M05_MCMC50,x2_M13_MCMC50,x2_BC_MCMC50,min_chi2,min_2,alt_model,model,model_new,grism_index,grism_index_AV_corr,age_opt,age_opt_std,AV_opt,AV_opt_std,M_K,BC_ML,BC_mass,M05_ML,M05_mass,M13_mass,best_mass,radius,use_phot,z_best,z_type,z_spec,u,g,r,i,z,U,V,J,H,B,K,Mr,color,FAST_mass,SFR,sSFR,ltau,SNR_F160W,SNR_F140W,SNR_F125W,SNR_F606W,F160W_mag,F140W_mag,F125W_mag,F606W_mag,flux_ratio_AV_corr,SNR1,SNR2,flux_ratio_err_AV_corr,flux_ratio_err_AV_corr_2,fig_name,kron_radius,a_image,b_image,theta_J2000,FWHM
0,26380.0,1.0,aegis,2.8304245569999997,0.42637505200000003,1.129631475,0.7412847835,1.19096666,0.6287426666,14.87740364,2.21960226,14.01183406,1.057243771,14.44045434,0.889107822,3.716888937,1.189204191,0.3665548952,0.06967968357,0.9477732312999999,0.6345493255,0.8123427068,0.4969713658,0.9972282709,0.6148461357,1.01789013,0.4212491967,15.30776308,2.358809208,14.67306162,0.9854060572,33.13435563,0.8015162528,3.8513497439999997,3.179219661,3.189534518,3.995281965,3.276460841,6.781434062000001,3.179219661,3.189534518,3.0,2.0,0.0,1.099384731,1.114271494,1.129631475,0.6345493255,0.7412847835,0.4969713658,-21.604423342950398,0.31829,15017316413.2275,0.18742999999999999,8843179538.56934,15535268116.0233,15535268116.0233,6.546,1.0,0.264,2.0,-1.0,22.873303252848896,21.2702901649025,20.553543911377,20.2103730455182,19.873692945738497,22.7962316559512,20.829869635191,19.484197115336197,19.1915654765995,21.5645318773564,19.5168614405496,-19.826456088623,2.31975934147185,9.74,-99.0,-99.0,7.0,309.503181472679,1170.73670601356,1428.9787433864801,565.863207483631,19.5535532264454,19.657425369515604,19.7909165246374,21.313505913791897,1.12717687257502,45.8791637262959,54.5202411332471,0.03170556242080637,0.01936889300661676,/Volumes/My Passport/TPAGB/outcome/plot/CN/20200410/CN_20200514_aegis_1_26380_2D.pdf,3.5,15.57,11.42,38.8,4.93
1,14044.0,2.0,aegis,2.7626862739999996,0.4527159014,1.099093991,0.7983323242,1.644505034,0.6883621615,7.961912057999999,5.837547036,8.570029866,3.156279583,13.49523887,3.689304421,3.307623265,1.642904247,0.4272831656,0.2619004401,1.177450388,0.5182298601,0.7802419903,0.2218486288,0.9901384742,0.8697936973,1.029464228,0.5154787031,8.089815137,6.239651618,7.9819301320000005,3.481082581,62.52823887,3.248830919,4.077462461,3.032808353,4.2203065539999995,4.276671203,3.0594654869999998,13.5502655,3.032808353,3.0594654869999998,2.0,2.0,2.0,1.11672446,1.132550617,1.099093991,0.5182298601,0.7983323242,0.2218486288,-23.8518607306822,0.31829,119005569362.648,0.18742999999999999,70078274107.3898,123110106791.138,123110106791.138,9.935,1.0,0.436,1.0,0.4616,21.687977368905603,20.2066340959506,19.492934922842,19.2018027261957,18.869525374017,21.6147000776591,19.76252147195,18.4192997592819,18.206903775838,20.4893770369919,18.4564715935178,-22.017065077157998,2.19504244606357,10.77,0.23,-10.54,8.6,717.671668535635,2231.57919940347,2415.4949872498,621.6536380828869,18.5769349074432,18.7162604855527,18.895395075274898,20.7326894621923,1.14217682658659,79.0817869643343,97.7495392197454,0.018300784257911703,0.00913017136142973,/Volumes/My Passport/TPAGB/outcome/plot/CN/20200410/CN_20200514_aegis_2_14044_2D.pdf,3.5,13.91,13.25,7.6,5.85
2,19820.0,3.0,aegis,2.853989349,0.6830266295999999,1.1723197509999999,1.003098825,1.35605088,1.067616428,13.00665235,2.839933572,12.99861834,1.04510045,18.31207705,1.112173774,4.009705611,1.0244704,0.608488582,0.06420113639,1.180637596,0.7011789739,1.009543886,0.5070200973,1.22410504,0.7237143159,0.9543900811,0.4422890879,12.42082209,3.550742361,13.06210872,1.13405068,28.67335275,0.9005472163,3.757104574,2.977212777,4.038038769,3.951594313,3.028114393,5.958164822,2.977212777,3.028114393,2.0,2.0,2.0,1.09873283,1.122269731,1.1723197509999999,0.7011789739,1.003098825,0.5070200973,-24.1205775783313,0.31829,152424235536.051,0.18742999999999999,89757373673.449,157681392685.228,157681392685.228,8.046,1.0,0.4197,2.0,-1.0,21.9599219077002,20.291476747832302,19.476540915010702,19.0830930297831,18.743631786301698,21.8907186441174,19.8092820362577,18.260781519290898,17.9702049584117,20.6103966752696,18.312521246668698,-21.9534590849893,2.4833809926895403,10.69,-0.72,-11.41,8.2,961.333475849893,1998.22160942396,2748.0837117126903,754.970422869517,18.448836369340103,18.6136417321161,18.8261514704774,20.8114421096245,1.13299635278934,94.0328635885119,115.48531790000601,0.022392051556101782,0.018207009456033787,/Volumes/My Passport/TPAGB/outcome/plot/CN/20200410/CN_20200514_aegis_3_19820_2D.pdf,3.5,14.18,7.47,-41.0,7.82
3,26829.0,3.0,aegis,1.245305279,0.1324448958,0.9831867745999999,0.5485032477,1.208593223,0.3881114797,3.7102085280000003,0.437799513,3.1954699339999997,0.6109466149,2.8613475439999996,0.4370195242,1.507559233,0.5777614051,0.18103511079999998,0.09246217286,1.142325142,0.4714232896,0.5312240323,0.2544075395,1.428365732,0.5265577532,0.4301745477,0.3051740575,3.68103327,0.8747277287,2.7788143069999998,0.9921479254000001,5.385528155,0.7132093491,0.9102811878,0.8854174197,0.7451155689,1.094090597,0.9698218752,1.355017815,0.7451155689,0.8854174197,2.0,3.0,0.0,1.132149568,1.136856775,1.208593223,0.5265577532,0.3881114797,0.3051740575,-20.9050286457398,0.36965,9158032255.64257,0.18742999999999999,4643554675.16593,4643554675.16593,4643554675.16593,5.178,1.0,0.3996,3.0,-1.0,23.8092689762741,22.337713732017303,21.664554478843602,21.355253645379698,21.0956429836591,23.7340892409848,21.9420651757309,20.7433572419328,20.5068207581528,22.5964081078408,20.8030828339602,-19.6554455211564,2.14471449743042,9.59,-99.0,-99.0,7.0,200.840172814421,310.984441684332,453.6753054284449,171.569015061279,20.8781464074659,20.995919183787397,21.1338034375082,22.716961802821103,1.14600986314646,26.2408765183188,22.634044464406,0.07055777523112586,0.022913629112613,/Volumes/My Passport/TPAGB/outcome/plot/CN/20200410/CN_20200514_aegis_3_26829_2D.pdf,3.5,6.48,5.59,-1.7,6.19
4,37275.0,11.0,aegis,2.839301349,0.4268865318,1.263112293,0.7192777711,2.0000020640000002,0.4726488351,2.853624291,1.22293337,2.622810442,0.7603887662,1.567367923,0.7454477194,3.612049177,1.271605428,0.37172775469999997,0.08020250458,1.613754413,0.723038362,0.6384011201,0.424785308,2.308299585,0.9498094029,0.4163314267,0.3344560497,2.981642268,1.360317513,2.135904023,1.211903343,1.734836732,0.8370434931,1.0844285040000001,0.8390271916,0.6276076916,1.168863182,0.9402821591,0.6998465373,0.6276076916,0.6998465373,3.0,3.0,3.0,1.084933568,1.09928274,2.0000020640000002,0.9498094029,0.4726488351,0.3344560497,-21.410990730097698,0.57182,22576448973.5764,0.39832,15726366960.1535,15726366960.1535,15726366960.1535,6.819,1.0,0.304,2.0,-1.0,23.244466662750803,21.5774615811684,20.8213944363728,20.457579870118398,20.126557921952,23.170593073968302,21.111901019016,19.728562073295898,19.4445489402073,21.8894680597195,19.7616581050023,-19.8786055636273,2.42307222637809,9.95,-4.87,-14.83,8.2,267.950402406871,707.549557873643,1075.02764194719,364.528743466446,19.8445936806243,19.9259897097896,20.089762191085104,21.7420719774615,1.10009678864157,26.460759636886703,39.302473803853005,0.039086573600575825,0.016009754946013154,/Volumes/My Passport/TPAGB/outcome/plot/CN/20200410/CN_20200514_aegis_11_37275_2D.pdf,3.5,14.0,10.99,39.6,4.6
5,21300.0,14.0,aegis,2.83901515,0.3705227933,1.657096376,0.5714762314,1.278101204,0.7112976992,5.526682025,1.8584356830000002,4.136350093,1.78008357,4.760251885,1.003097525,4.067083257,1.025952856,0.2966114988,0.060903112999999995,1.735313197,0.6864902031,0.5513878532,0.2872557583,1.392352725,0.6868104529,0.6393200281,0.4276148929,5.714508724,2.123314579,4.061578282,1.8347482919999998,51.93847769,1.575665622,1.879055273,1.575110408,1.359315345,2.030391566,1.58429704,10.76843081,1.359315345,1.575110408,2.0,3.0,0.0,1.094843885,1.107577735,1.278101204,0.6868104529,0.7112976992,0.4276148929,-21.991683248596896,0.36965,24915178903.5854,0.31651999999999997,21334106388.6456,21334106388.6456,21334106388.6456,5.645,1.0,0.2161,3.0,-1.0,21.791045949942102,20.2723696014647,19.5984235663428,19.303327451047398,19.0079809228887,21.710955671340102,19.8554735220729,18.5892552947123,18.368216822929302,20.557718825335698,18.649614450603103,-20.3315764336572,2.19262238359926,10.0,-0.9,-10.9,8.4,987.9808929293021,2549.0739559102,3171.30553613887,1800.8681977690799,18.555607771716602,18.666324858798898,18.790645311402198,20.170387999752396,1.11880486380654,86.40808320350371,117.28521700578199,0.01999799363139139,0.015534076685570705,/Volumes/My Passport/TPAGB/outcome/plot/CN/20200410/CN_20200514_aegis_14_21300_2D.pdf,3.5,12.65,10.72,-85.9,5.41
6,10415.0,15.0,aegis,2.385775341,0.24066621859999998,1.083305829,0.5833503988,1.356062995,0.6513469068,2.0367413340000002,1.557834716,2.166322613,0.7435097359,3.169009603,1.013513838,2.782739087,1.081427238,0.2261897121,0.05418771742,1.138161699,0.5528727839,0.5729223212,0.3255371263,1.435947556,0.7073998675,0.5134117857,0.4074165291,3.307493365,2.167061254,2.025005557,0.822302655,3.408881042,1.081628588,1.071040873,0.7430691641,1.054853309,1.581980747,0.7497976143,1.13096834,0.7430691641,0.7497976143,2.0,2.0,2.0,1.103734996,1.11207426,1.083305829,0.5528727839,0.5833503988,0.3255371263,-21.399638743321198,0.31829,12435936378.3679,0.18742999999999999,7323093893.61115,12864855517.167,12864855517.167,5.732,1.0,0.2479,1.0,0.2522,22.5389619064852,21.0566066136334,20.3634622477872,20.0627989170953,19.787844652378897,22.460239055261102,20.638915468622198,19.3512661619097,19.138164819098698,21.334607376461,19.4237116554788,-19.8765377522128,2.17549965869798,9.75,-0.6,-10.35,8.4,722.115042266046,1549.64232885656,1826.4276906647901,833.424976715753,19.3661104375253,19.4659825066621,19.5993930715518,21.0206785755457,1.12200312815452,53.16867598975389,75.06015458819529,0.023481353453217977,0.01307345589812906,/Volumes/My Passport/TPAGB/outcome/plot/CN/20200410/CN_20200514_aegis_15_10415_2D.pdf,3.5,8.74,6.94,-16.6,6.37
7,19787.0,16.0,aegis,2.426723243,0.7669004744,0.9982944025,1.157379978,3.375008254,0.5135328867,8.997246321,6.188114991,8.176647006,3.265346101,7.871795251,5.464325101,2.985377053,1.093683117,0.7680056228,0.07130704434,0.9854011614,0.5011484741,1.192067065,0.3672396611,2.777437396,1.6627837619999999,0.6542721861,0.2726924137,10.00492825,6.609192237,7.483129699,4.304771981,8.560337828,8.07957277,4.430522505,3.0037201739999997,3.898115858,4.808789614,3.31980505,5.165919113,3.0037201739999997,3.31980505,2.0,2.0,2.0,1.137468046,1.165039753,0.9982944025,0.5011484741,1.157379978,0.3672396611,-23.5751465325242,0.41778999999999994,121064455681.612,0.18742999999999999,54312240427.9771,95413104907.6326,95413104907.6326,5.682,1.0,0.4361,1.0,0.4625,22.7486493358734,21.0772092497216,20.254863553920398,19.8578712158719,19.515776573539,22.684958491105498,20.584933203500302,19.003904268057802,18.716429911600898,21.397601419675397,19.1022334454758,-21.2651364460796,2.49378578195297,10.63,-1.15,-11.78,8.6,867.433082538407,1231.01426959179,1756.64597845218,477.72665895391907,19.2480125530713,19.4179955567924,19.630908107948898,21.6277106094125,1.17846527336698,56.95344797885279,65.1766402633474,0.028702835164658283,0.015338352204645474,/Volumes/My Passport/TPAGB/outcome/plot/CN/20200410/CN_20200514_aegis_16_19787_2D.pdf,3.5,9.36,5.99,-18.6,6.46
8,30005.0,19.0,aegis,1.317480107,0.2333256116,0.9417547999,0.6607968377,2.150024348,0.2829539979,3.300066264,0.5909807741,1.6984095430000001,0.4984049537,1.196035934,0.828921663,1.615215182,0.6071437955,0.2545366485,0.0886241326,1.07875607,0.448365137,0.6275356103,0.23694584929999998,2.318451016,0.9419188658,0.2600534398,0.2046971444,3.4310856239999996,0.9126968295000001,1.319685692,0.8394829116,0.9676211873,1.082332888,0.8970691729,0.545922239,0.5917029807,1.062022425,0.620292542,0.6572427211,0.545922239,0.5917029807,3.0,2.0,0.0,1.141437491,1.1498274720000001,0.9417547999,0.448365137,0.6607968377,0.23694584929999998,-20.777585744925602,0.40331999999999996,8885544710.041891,0.16994,3743948894.23911,6854267470.3805895,6854267470.3805895,4.067,1.0,0.2776,1.0,0.3134,23.5442136390059,22.0176061752884,21.335777176855302,20.9972548743835,20.6891792261452,23.4660005618139,21.5916941157881,20.345738423771802,20.0508684723022,22.3014498941257,20.383211092774502,-19.164222823144698,2.20843646215065,9.67,-1.42,-11.09,8.6,416.080907347358,556.506443456955,788.708291469094,377.404859576827,20.4013504488737,20.507827642501603,20.621929301713,22.090388766705605,1.16483153600508,29.5127465912956,28.4537081490501,0.05563355690950086,0.018678063010561227,/Volumes/My Passport/TPAGB/outcome/plot/CN/20200410/CN_20200514_aegis_19_30005_2D.pdf,3.5,6.08,5.38,-63.5,4.69
9,11221.0,28.0,aegis,2.585993513,0.6180865632,1.212838772,0.9418193798000001,2.2000013309999997,0.6073230069,12.79338476,2.469743585,8.119140607,1.167297211,7.94412027,1.414842569,3.421396638,1.000539678,0.5854035573,0.05480195263,1.386323217,0.4580231962,0.8936400096,0.1394738907,1.825889991,1.188229953,0.7776076592,0.470945486,14.2734727,3.180574128,7.701068234,1.667762595,14.39038445,1.415791493,3.555160006,2.082732161,2.156096007,4.150808344,2.2185805469999997,3.408209292,2.082732161,2.156096007,3.0,2.0,0.0,1.138950911,1.161109244,1.212838772,0.4580231962,0.9418193798000001,0.1394738907,-24.3097971509703,0.36965,210721850225.985,0.18742999999999999,106845925572.45,187701730314.663,187701730314.663,11.8,1.0,0.4337,2.0,-1.0,21.753369373435998,20.0510391579893,19.267765625084103,18.8901497119785,18.5400459691412,21.688121282586497,19.5837323047574,18.0577387875415,17.7990222685121,20.374266835492698,18.132022228829697,-22.2322343749159,2.48560374835188,10.98,-0.8,-11.78,8.6,764.4374856316921,1869.2796084344,3111.08747211899,701.882778517881,18.2323121525473,18.3843301832592,18.592548086598303,20.590789433544398,1.17212895812348,41.5037025114505,118.018207936741,0.014933877647005336,0.00651289834260374,/Volumes/My Passport/TPAGB/outcome/plot/CN/20200410/CN_20200514_aegis_28_11221_2D.pdf,3.5,26.63,11.01,-31.4,7.28
10,16063.0,28.0,aegis,0.9514156379,0.327656276,1.13432619,0.7933225441,0.9047884931,1.225795731,21.5857058,1.373073387,5.937364443,0.5837285928,7.669304125,0.5965382311,1.6473324630000001,0.2844598655,0.467426429,0.03286016808,1.079027244,0.4886412068,0.8090742514,0.2130738877,1.026029357,0.4619973186,0.890516247,0.4024597945,11.68240047,0.9280543707,6.245475756,0.5146996178,33.77429762,1.536634761,4.786834305,1.406020989,1.747874873,2.670879301,1.43591392,7.2244797720000005,1.406020989,1.43591392,2.0,2.0,2.0,1.101791555,1.113160153,1.13432619,0.4886412068,0.7933225441,0.2130738877,-22.2699943130451,0.31829,27721754901.1327,0.18742999999999999,16324385061.1684,28677886460.2228,28677886460.2228,7.299,1.0,0.2445,1.0,0.2626,22.250004667308698,20.546033377541498,19.8045560230326,19.480624680195,19.1713710199101,22.174020823585302,20.0775628243406,18.6812184684055,18.4466801333407,20.8679245840657,18.733328231054898,-20.405443976967398,2.4454486442760297,10.14,-0.58,-10.72,8.2,1029.01113032126,1863.95712937883,2915.4430776131203,1100.04338432288,18.680766748349,18.807564628140604,18.9566047978548,20.49062322139,1.12850598493773,69.55292590009711,102.300730335435,0.01706574445780879,0.008893651821043697,/Volumes/My Passport/TPAGB/outcome/plot/CN/20200410/CN_20200514_aegis_28_16063_2D.pdf,3.5,11.54,11.26,-72.1,5.53
11,14044.0,30.0,aegis,2.8840154989999998,0.4563495612,1.101204253,0.7962966401,1.644534455,0.686500828,12.20223944,6.002479778,13.1063172,3.147786171,12.88039108,3.669669075,4.019393448,1.119851965,0.38246975369999997,0.06953879385,0.6806001255,0.6673372801,1.052437539,0.563701251,1.83644301,0.7963782605,0.5794822662,0.3865667176,11.64690482,6.816576861,14.88220061,1.6747230469999999,13.63537693,4.076781926,4.972350306,3.909957665,4.092403739,5.217552635,3.615993591,4.4155479689999995,3.615993591,3.909957665,2.0,2.0,2.0,1.120579768,1.136485288,0.6806001255,0.6673372801,1.052437539,0.563701251,-24.1059659454822,0.31829,150386680222.488,0.18742999999999999,88557527644.9177,155573561483.805,155573561483.805,9.935,1.0,0.436,1.0,0.4616,21.687977368905603,20.2066340959506,19.492934922842,19.2018027261957,18.869525374017,21.6147000776591,19.76252147195,18.4192997592819,18.206903775838,20.4893770369919,18.4564715935178,-22.017065077157998,2.19504244606357,10.77,0.23,-10.54,8.6,717.671668535635,2231.57919940347,2415.4949872498,621.6536380828869,18.5769349074432,18.7162604855527,18.895395075274898,20.7326894621923,1.1474424187897299,55.327383505323,93.07431036952059,0.01913922876484994,0.009298184454031296,/Volumes/My Passport/TPAGB/outcome/plot/CN/20200410/CN_20200514_aegis_30_14044_2D.pdf,3.5,13.91,13.25,7.6,5.85
12,19842.0,1.0,cosmos,2.550475492,0.3247562649,1.244743208,0.626255005,1.244914397,0.561689739,2.54219467,0.9037674091,2.017711872,0.40386963649999996,2.113120832,0.3251779585,3.202394149,1.03647921,0.29969462539999997,0.05337694401,1.30282233,0.648406229,0.6142379314,0.3277406091,1.190441583,0.6066781198,0.6535288038,0.3973274338,5.727960179,1.293601395,1.913528134,0.4746658539,31.45082506,0.7669183509,0.8855499849,0.5669273238,0.5513285836,1.673197262,0.5773983467,6.439531497000001,0.5513285836,0.5669273238,2.0,3.0,0.0,1.0882081670000001,1.099241917,1.244914397,0.6066781198,0.561689739,0.3973274338,-21.9060700996437,0.36965,23026013258.2784,0.18742999999999999,11675275706.7473,11675275706.7473,11675275706.7473,8.808,1.0,0.2311,3.0,-1.0,21.912208295008696,20.348484280679102,19.6639674905241,19.3200360666112,19.03128962362,21.8373183494845,19.9179395593552,18.6334274493207,18.439116827727698,20.633182981449302,18.7356196393563,-20.416032509475897,2.24824080448454,9.96,-29.11,-39.07,7.2,836.366528885347,1432.76395475974,2117.05321867778,943.754581886763,18.6394211088533,18.7273867144068,18.854878823904,20.257111966978897,1.10542773517182,66.45486962279101,86.88828808410031,0.022389114405274444,0.014699370589293114,/Volumes/My Passport/TPAGB/outcome/plot/CN/20200410/CN_20200514_cosmos_1_19842_2D.pdf,3.5,13.98,7.88,78.7,11.13
13,20236.0,1.0,cosmos,2.631339294,0.45334676659999995,1.6367693159999999,0.6713444447,2.450021647,0.4291565084,3.859677006,1.437820286,1.568989303,1.289989762,2.1597949659999998,0.8921935626,3.454905751,1.1721859079999999,0.4120350809,0.059976652879999995,2.018896447,0.6669620601,0.586203699,0.1452695636,2.640425054,1.21090027,0.3731896317,0.3026100982,4.861871002,1.868239837,1.2409615170000001,1.575665852,2.329586044,1.0170675359999999,1.372964546,0.8640639115,0.8062786012,1.754217339,0.9242530164,0.8933995087,0.8062786012,0.8640639115,2.0,3.0,0.0,1.095754914,1.111162884,2.450021647,1.21090027,0.4291565084,0.3026100982,-21.6211625406283,0.6682,32016325566.514,0.39832,19085218197.6262,19085218197.6262,19085218197.6262,12.59,1.0,0.2254,3.0,-1.0,22.0739496367715,20.5930392207893,19.8512618544214,19.4948218511035,19.1950154582622,22.004230345556504,20.1455582535555,18.7740361588775,18.5565520240665,20.8768965794414,18.8379939677717,-20.178738145578603,2.2226877823501,10.09,-0.63,-10.72,8.8,578.458128112787,855.052055415047,1267.4618064728102,624.6179437776,18.770280719896,18.869997697609104,18.9887320272253,20.5080016724115,1.10896253879308,54.65893158101561,72.6822859895898,0.023625421439498615,0.012153626032844157,/Volumes/My Passport/TPAGB/outcome/plot/CN/20200410/CN_20200514_cosmos_1_20236_2D.pdf,3.5,13.48,11.44,-12.1,7.95
14,20423.0,1.0,cosmos,2.274164257,0.38814643090000006,1.084837533,0.7506019404,2.350005837,0.3826982854,4.055383804,0.8243889759,2.443674709,0.4614615731,2.7692512839999996,0.5791165091,2.276245166,1.379988129,0.3978673001,0.3036460385,1.038311763,0.608664602,0.7636347205,0.40556027380000004,2.709887138,1.051081359,0.2996552843,0.2057341252,4.16454296,0.818374195,2.493278929,0.4478444479,4.132195834,0.8561573524,1.144950553,0.674613375,0.7888533485,1.163538188,0.6783401777,1.17364191,0.674613375,0.6783401777,2.0,2.0,2.0,1.11298222,1.126373804,1.084837533,0.608664602,0.7506019404,0.40556027380000004,-22.7192293673738,0.31829,41929022832.5646,0.18742999999999999,24690554995.4682,43375167281.7528,43375167281.7528,7.057,1.0,0.354,1.0,0.354,22.4515756797603,20.827940704302897,20.070129716475698,19.717457540755102,19.420860990059303,22.3887191946284,20.3493287152642,18.9759152131338,18.751404364833398,21.140261167147898,19.0813725730262,-20.979870283524303,2.38144596328458,10.39,-14.41,-24.8,7.8,610.231645538831,1202.3759699404,1710.07412510203,524.434324943665,19.080118684579602,19.207859815617603,19.3545104475532,21.1169669101705,1.13782419483224,48.4115224686911,63.08857378730951,0.027730797021444303,0.015799200791625355,/Volumes/My Passport/TPAGB/outcome/plot/CN/20200410/CN_20200514_cosmos_1_20423_2D.pdf,3.5,10.41,9.14,82.6,6.02
15,21548.0,1.0,cosmos,2.218871545,0.07315484781,1.266362421,0.3957564881,1.278104766,0.46167711659999994,1.535710295,0.3148175753,1.01570599,0.200659334,1.148292035,0.1784682029,2.627608605,1.018835652,0.09180782264000001,0.057418491399999994,1.572803452,0.6043315043,0.3281524771,0.2103551568,1.491370546,0.6046930434,0.3455058849,0.358213407,1.248998564,0.5037752355,0.8023977295,0.4227359576,1.160874114,0.1868936451,0.4347172385,0.2842406541,0.3003623032,0.4609868011,0.3391254007,0.3064591298,0.2842406541,0.3003623032,3.0,2.0,0.0,1.105029712,1.1075436,1.266362421,0.6043315043,0.3957564881,0.2103551568,-19.7148000700835,0.36965,3059924694.83783,0.31651999999999997,2620120017.34091,3712877918.3404493,3712877918.3404493,5.89,1.0,0.2196,2.0,-1.0,23.5799300711965,22.123400515308298,21.427724196147498,21.117733532827,20.8774348279941,23.5019931831646,21.7021150888696,20.552412840074002,20.380018595084,22.398879862226895,20.650956418016502,-18.5422758038525,2.15220587504898,9.33,-1.21,-10.54,8.6,213.010189962764,359.931149633259,527.7737071100689,329.732717265822,20.5400712402413,20.6260999703306,20.728080144859,22.022121698617397,1.11700007989447,49.6955939901534,22.4636547709959,0.06607200576491627,0.021581055660022413,/Volumes/My Passport/TPAGB/outcome/plot/CN/20200410/CN_20200514_cosmos_1_21548_2D.pdf,3.5,8.52,6.9,35.9,6.4
16,21966.0,1.0,cosmos,2.7506373760000002,0.2971322101,1.37225605,0.5637535726,2.200003271,0.29273216679999997,2.9438389910000002,0.6265514545,3.430141615,0.3127859214,3.825691313,0.1931346604,3.622405222,1.07869654,0.2503346459,0.06198705902,1.4064745859999999,0.7123279894,0.5580857901,0.3234586936,2.303530894,0.9276004834999999,0.2870729092,0.21048601960000002,3.368355997,0.8652735016,3.36088458,0.3508712699,4.308453619,0.1914770424,0.843324102,0.8016869508,0.8266057873,1.029276725,0.8047547454,0.9196272125,0.8016869508,0.8047547454,2.0,2.0,2.0,1.087830529,1.097977961,1.37225605,0.7123279894,0.5637535726,0.3234586936,-21.7171096447088,0.50628,26499313878.7491,0.31651999999999997,16567043590.3091,23476562108.4291,23476562108.4291,9.642,1.0,0.2225,1.0,0.2225,22.040054060666105,20.4809814888717,19.7718704854991,19.4326564614167,19.148597248019602,21.968911696519697,20.0395213772027,18.7631181779527,18.561998624586302,20.772145913379102,18.8466439278913,-20.2281295145009,2.26818357516701,10.01,-2.48,-12.49,8.4,595.0119932049549,1317.11664723985,1806.95533792615,838.345116964035,18.756914402686398,18.8386934189043,18.966384268032602,20.3837744955283,1.10593588365368,39.7076408274812,78.8576923542697,0.022629311463337028,0.012725566867235225,/Volumes/My Passport/TPAGB/outcome/plot/CN/20200410/CN_20200514_cosmos_1_21966_2D.pdf,3.5,12.65,11.81,-22.4,6.38
17,22611.0,1.0,cosmos,2.500314135,0.2442864694,1.237577388,0.5508027021,1.356054226,0.6625839011,2.85957488,0.47187725090000004,1.913627903,0.2517637657,3.525685088,0.2218434202,2.9526488719999997,1.127220986,0.21960032629999998,0.06456276514,1.28978419,0.6354544664,0.5406709753,0.3391190161,1.325037008,0.7019313454,0.5372236128,0.42945262289999997,6.859071449,0.6758395499,1.8820191780000002,0.2791987292,19.28018068,0.6199122555,0.7598874625,0.48075592899999997,0.7808017436,1.624937263,0.48651552130000003,4.012550186,0.48075592899999997,0.48651552130000003,2.0,2.0,2.0,1.0897281159999999,1.098090743,1.237577388,0.6354544664,0.5508027021,0.3391190161,-21.318178241568898,0.36965,13398679757.8465,0.18742999999999999,6793763146.25504,11934952980.8263,11934952980.8263,6.881,1.0,0.2272,3.0,-1.0,22.4037575786236,20.856215448293298,20.1693890490292,19.8333560567182,19.5483952431754,22.324572733337003,20.4291511636218,19.1761595484033,18.9959602219479,21.1362188481391,19.2826244605311,-19.8806109509708,2.2343685295944398,9.81,-1.09,-10.9,8.4,599.25462006468,1173.92306682855,1685.6274621230398,763.5438106266229,19.171613995452102,19.255091252352802,19.3923620701007,20.7822969056089,1.10636803633651,33.4359782488912,64.81097044829221,0.026649591426985697,0.013972982375740028,/Volumes/My Passport/TPAGB/outcome/plot/CN/20200410/CN_20200514_cosmos_1_22611_2D.pdf,3.5,9.72,8.96,-80.6,6.18
18,13683.0,3.0,cosmos,1.32744666,0.1618150381,0.9606845303,0.5491386209,1.609017313,0.4450486065,3.338521718,0.3596189673,1.3555565090000001,0.5382209533,1.8753753819999999,0.7588175097,1.6768181340000001,0.6442938112,0.18228494309999999,0.08167644055,1.1161182920000001,0.4533399885,0.5364065504,0.2027919882,1.792754437,0.7608278628,0.3678171953,0.3411434712,3.194640552,0.6691599727,1.102922675,0.6615081608,2.87736455,0.674583251,0.8042058928,0.4966150961,0.6932127928,0.9105006755,0.5010236459,0.8512454967,0.4966150961,0.5010236459,2.0,2.0,2.0,1.096871865,1.102487649,0.9606845303,0.4533399885,0.5491386209,0.2027919882,-20.5516388231824,0.41778999999999994,7475040843.81492,0.18742999999999999,3353471613.38527,5891215982.46345,5891215982.46345,7.233,1.0,0.2093,2.0,-1.0,22.7156428087239,21.3498386980133,20.6753312034351,20.374105923589898,20.1430409238766,22.6428749604875,20.937331379970104,19.7828018765027,19.576423802658898,21.6130583463921,19.8574997977176,-19.1846687965649,2.0403116052887698,9.57,-0.97,-10.54,8.6,366.58137941641195,597.421985486477,890.896205701665,544.967649930315,19.7732150462687,19.8583923678121,19.9736734641993,21.2608256213677,1.11459354307423,30.3278650188357,31.196367003060303,0.04908819516553572,0.016642503035324066,/Volumes/My Passport/TPAGB/outcome/plot/CN/20200410/CN_20200514_cosmos_3_13683_2D.pdf,3.5,9.08,8.17,-38.3,5.08
19,14860.0,3.0,cosmos,2.6964705319999998,0.01469876946,1.412282454,0.28413730449999997,1.94998289,0.08359730688,1.957688776,0.803019111,1.273985393,0.9659612986,2.624511177,1.062672522,2.85397627,0.9448058339000001,0.02009653711,0.01262211251,1.6072488980000001,0.6017944841,0.22273537570000002,0.1791755189,1.8810647740000002,0.4328893789,0.1221359723,0.07496935432,1.908446022,0.8426146152,1.383624892,0.9563924806,2.5356881469999997,1.3550784869999999,0.72836406,0.6662662201,0.9704431884999999,0.7359730037,0.6834059125,1.079998238,0.6662662201,0.6834059125,2.0,2.0,2.0,1.115129332,1.115642834,1.412282454,0.6017944841,0.28413730449999997,0.1791755189,-21.519785403850797,0.50628,22095555928.505,0.31651999999999997,13813868536.1666,19575136678.9842,19575136678.9842,6.251,1.0,0.3764,2.0,-1.0,22.943765804637103,21.439707833481,20.749381112574397,20.4375209850155,20.1741699317585,22.873140952659696,21.0111740228515,19.7753519800731,19.5696534539321,21.712699860019,19.9443519006492,-20.430618887425602,2.19438469206271,10.08,-8.56,-18.64,8.0,355.828551877037,610.924031272506,887.261310049452,400.4005073843551,19.8952053404693,20.013764663734698,20.1468214720863,21.8316564176219,1.12269451165237,55.66121528471889,34.664777938563105,0.045125421681530116,0.014372557299383745,/Volumes/My Passport/TPAGB/outcome/plot/CN/20200410/CN_20200514_cosmos_3_14860_2D.pdf,3.5,10.62,6.38,71.5,5.38
20,16320.0,3.0,cosmos,2.706695827,0.40887601700000004,1.390888431,0.6757496289,1.609000457,0.6414497301,3.743714497,1.432532926,3.150674331,0.9432835649,2.8369854660000002,0.7916505137,3.540239234,1.057211742,0.3686229118,0.05689295677,1.655693298,0.5431476004,0.6228375662,0.1354173812,1.494452922,0.8157338968,0.6477720015,0.43295606789999996,4.678474483,1.770116451,2.779900285,1.273852983,2.945689973,0.8394627314,1.348154683,1.020837609,0.8941712738,1.676055026,1.092194522,0.9360127775,0.8941712738,0.9360127775,3.0,3.0,3.0,1.095597488,1.10984761,1.609000457,0.8157338968,0.6414497301,0.43295606789999996,-22.075885967950803,0.52775,38439933630.9996,0.31651999999999997,23054491317.639,23054491317.639,23054491317.639,9.799,1.0,0.2204,3.0,-1.0,21.7644739396452,20.1998900580472,19.482187016794697,19.147007419632896,18.8654623804547,21.693118677413,19.7643463931987,18.471568105455898,18.2596225258505,20.4876403245414,18.545563762149197,-20.4978129832053,2.28228692285046,10.15,-0.95,-11.09,8.6,944.923165782274,1848.3404626636802,2331.3134955259,1157.9339616495101,18.4680954408493,18.5663730541603,18.6751459823758,20.058786085140103,1.11537176101213,89.61655024472022,94.6429015194002,0.022684915925879335,0.016159021052152747,/Volumes/My Passport/TPAGB/outcome/plot/CN/20200410/CN_20200514_cosmos_3_16320_2D.pdf,3.5,13.8,8.39,-24.7,9.21
21,24252.0,7.0,cosmos,2.7493635960000002,0.5171812685,1.341088289,0.7886251211,2.450002779,0.48455298350000003,4.115361978,1.23456133,5.848061989,0.6745564647,8.254198258999999,0.5968115776,3.569849294,1.016241042,0.4765109512,0.0561340385,1.412715897,0.6611602502,0.7736397854,0.3111469566,2.020793881,1.168076504,0.5776128171,0.3203740686,4.956463583000001,1.510016912,5.739258355,0.7805668815,8.895112119,0.5801751428,1.334468594,1.428068335,1.861565086,1.617240977,1.452912976,1.9787999669999998,1.334468594,1.428068335,2.0,1.0,0.0,1.073026963,1.090260038,2.7493635960000002,1.016241042,0.5171812685,0.0561340385,-22.297190607846602,0.69064,61677671711.3673,0.63498,56706950051.0888,56706950051.0888,56706950051.0888,12.477,1.0,0.2201,1.0,0.2201,21.4947637186995,19.990681061085898,19.2339803252527,18.8711325739028,18.551570088187802,21.4220249709665,19.538392067014698,18.140481114669896,17.9188410877862,20.2799277564792,18.189990660653397,-20.7360196747473,2.26078339344674,10.32,-0.39,-10.72,8.8,595.660307031838,1395.74721212189,2160.86373130819,596.947153811536,18.1203265266356,18.221897891361,18.3597259737954,19.900832283815998,1.0886778451987,63.8445259722755,106.949580988234,0.014533714830514794,0.0049261169066359125,/Volumes/My Passport/TPAGB/outcome/plot/CN/20200410/CN_20200514_cosmos_7_24252_2D.pdf,3.5,22.2,17.07,60.3,10.06
22,25114.0,7.0,cosmos,2.532010549,0.21117821760000002,1.301044342,0.5053822488,1.609003801,0.45493402969999996,1.689546797,0.2795706127,1.438017176,0.2052472932,2.660432922,0.22928551260000002,3.097889901,1.115502641,0.1847722028,0.06183173882,1.50168079,0.5531008537,0.4597001002,0.1507337548,1.875534913,0.7298398869,0.3407429508,0.3007521022,4.668274909,0.5051927237,1.6916248759999999,0.3120054416,3.900374331,0.2822663301,0.4493035113,0.3682324007,0.6160188877,1.125538651,0.4637724288,0.8797594126,0.3682324007,0.4493035113,1.0,2.0,0.0,1.10466605,1.112062908,1.301044342,0.5531008537,0.5053822488,0.1507337548,-21.2456392589914,0.36965,12532751084.0847,0.31651999999999997,10731411803.4207,15207098016.058,15207098016.058,7.888,1.0,0.2074,2.0,-1.0,22.267251632290396,20.6875377218008,19.9838562884045,19.6651472920962,19.394186947356502,22.196675005159804,20.245176464339,19.024628045805102,18.828799356605998,20.982376268947302,19.099742989808604,-19.8561437115955,2.28339534388585,9.84,-3.58,-13.42,8.2,775.3875787671029,996.157537090591,1608.5429881599898,528.234372646483,19.000342141758804,19.093083416153398,19.204222760590802,20.5300815624403,1.1209749626959,68.669885302739,58.7011188493928,0.027301219710267163,0.009840802292224777,/Volumes/My Passport/TPAGB/outcome/plot/CN/20200410/CN_20200514_cosmos_7_25114_2D.pdf,3.5,10.69,6.69,-36.5,11.45
23,25888.0,7.0,cosmos,2.703642598,7.13e-18,0.9632042747,0.306715372,1.278100312,0.3034648853,1.958121889,2.085532459,1.398220668,0.6232884863,2.202193327,0.840949902,0.0,0.0,0.0,0.0,1.101557573,0.44435472130000003,0.304598644,0.1922005872,1.3441744740000001,0.4742275265,0.2474825677,0.2636622209,0.0,0.0,1.2640525040000001,0.8387725298,8.512422679,1.1149453679999999,1.284611797,0.5417890488,0.7922894102,,0.6091819233,2.136395165,0.5417890488,0.6091819233,2.0,2.0,2.0,1.070936946,1.070936946,0.9632042747,0.44435472130000003,0.306715372,0.1922005872,-20.5543347290103,0.41778999999999994,7493624589.787291,0.18742999999999999,3361808700.21741,5905862171.50428,5905862171.50428,6.018,1.0,0.2371,3.0,-1.0,22.493720921787702,21.1268939345711,20.548110733452198,20.2928863890469,20.0639176692453,22.405438123529102,20.7860867534606,19.7532176735528,19.5972616013849,21.3516507357284,19.8923806429897,-19.591889266547803,1.94561018833553,9.51,-0.84,-10.35,8.4,422.58926268714697,672.728931531592,1058.73628622404,442.03719895561,19.739194572486202,19.8341516364666,19.9308321032617,21.0511900726703,1.08011735827642,24.1325037549194,34.118949818470504,0.044558102961079954,0.015359496090527421,/Volumes/My Passport/TPAGB/outcome/plot/CN/20200410/CN_20200514_cosmos_7_25888_2D.pdf,3.5,8.09,5.62,-84.1,6.77
24,14034.0,10.0,cosmos,4.183265903,0.45965428560000005,0.9999485093000001,0.9046234212,1.749999975,0.5420570789,13.77630888,2.930896839,10.63069753,0.7676462991,29.80793351,1.138014627,5.410040571,1.752087161,0.3821562246,0.08881713313,0.6734852638,0.4488986467,1.127238295,0.3758539395,2.121683925,0.913423178,0.5528416673,0.41656669399999996,13.20069561,3.35254657,10.62402962,0.8642780673,11.46441198,0.8024582494,3.9459987880000003,2.397103962,6.281449826,4.017078194,2.437713718,2.574086511,2.397103962,2.437713718,2.0,2.0,2.0,1.086603917,1.102205112,0.9999485093000001,0.4488986467,0.9046234212,0.3758539395,-24.3425523527881,0.41778999999999994,245459012022.469,0.18742999999999999,110118438984.589,193450722863.002,193450722863.002,16.932000000000002,1.0,0.3743,1.0,0.3743,21.1789874730485,19.627475962125,18.837852493584197,18.4576355284263,18.126414852716398,21.107495914018198,19.149564169482602,17.6503373676717,17.4058561776107,19.929049778693198,17.732071068411898,-22.3321475064158,2.34113497946433,10.93,0.39,-10.54,8.6,809.941901149733,2163.57699589578,2397.77956128482,958.72377229743,17.779158336326198,17.931114993008602,18.091072156518802,19.9965582484438,1.1164983811839,75.3040865215675,118.50406141050199,0.018334139889891233,0.013544526996891975,/Volumes/My Passport/TPAGB/outcome/plot/CN/20200410/CN_20200514_cosmos_10_14034_2D.pdf,3.5,23.62,16.6,-79.0,7.91
25,16377.0,10.0,cosmos,2.492696248,0.2488211012,1.25050002,0.5529024157,1.609001149,0.48970507090000004,1.83752617,0.6523546286,1.584318736,0.2892763714,1.99957419,0.3239245587,3.060937035,1.083719968,0.2283700622,0.055771445149999994,1.3449784519999999,0.6703440444,0.5318641241,0.3851004889,1.771296277,0.7682170951,0.41578322689999997,0.36621064189999997,4.775903456,1.073800359,1.479130161,0.3878009272,4.549588159,0.4462692619,0.6396956597,0.4330797934,0.5287371533,1.393014864,0.4553801335,1.076940442,0.4330797934,0.4553801335,2.0,2.0,2.0,1.104130908,1.112708001,1.25050002,0.6703440444,0.5529024157,0.3851004889,-21.3022049153221,0.36965,13203001622.7999,0.31651999999999997,11305326859.5932,16020372417.5981,16020372417.5981,6.623,1.0,0.2235,1.0,0.2235,22.4067724779883,20.8500788392167,20.153271730887,19.8300458544496,19.5646105253248,22.3407004740048,20.412535954030897,19.1758240696832,18.9764564764862,21.137710121012102,19.260697500377898,-19.856728269113,2.2535007471013397,9.86,-8.78,-18.64,8.0,815.815279832451,1181.03931108797,1970.7890560685698,867.436419954631,19.177492320703198,19.2652721954187,19.3748671576329,20.7342657743164,1.12011157492232,48.1916937849125,67.1340749364506,0.027004284020076753,0.015256709170347592,/Volumes/My Passport/TPAGB/outcome/plot/CN/20200410/CN_20200514_cosmos_10_16377_2D.pdf,3.5,9.24,6.57,25.0,6.26
26,17321.0,10.0,cosmos,2.634717609,0.289297604,1.346422748,0.5679855316,1.521567781,0.5992361037,2.26665213,0.8327313149,2.206511654,0.46386780710000003,2.541939202,0.3429354129,3.44921301,1.07951608,0.255733912,0.05818522494,1.44996624,0.7023103572,0.546511136,0.3398118302,1.590141737,0.8218382152,0.5178162678,0.44207081659999997,3.223953511,1.122830052,2.02322826,0.6127083656,6.861714406,0.3026976805,0.8012416813,0.629605763,0.6422948304,1.112927152,0.6585616626,1.463636985,0.629605763,0.6422948304,3.0,2.0,0.0,1.104196511,1.114375953,1.346422748,0.7023103572,0.5679855316,0.3398118302,-21.5377676752176,0.36965,16402036749.6117,0.31651999999999997,14044562889.1846,19902045356.2729,19902045356.2729,6.564,1.0,0.2184,2.0,-1.0,22.086636889798697,20.576065629495,19.8875047135186,19.5501371985913,19.282478673700602,22.0188253014223,20.1469595723753,18.9013208854167,18.7038336007159,20.852242703153102,18.990217856382397,-20.0724952864814,2.19913217628016,9.9,-1.0,-10.9,8.4,855.127425643362,1506.54873267634,2124.71398661532,1328.42075740587,18.8907608554495,18.992842175679396,19.108411135451398,20.4727285584869,1.12201057232181,55.9577406652118,73.92232807364209,0.024349454377750115,0.013746620214563814,/Volumes/My Passport/TPAGB/outcome/plot/CN/20200410/CN_20200514_cosmos_10_17321_2D.pdf,3.5,10.33,6.95,-22.1,9.4
27,17943.0,10.0,cosmos,2.799779675,0.3704113494,1.639242117,0.5775837705,1.750007645,0.5712180685,3.397172286,0.7249355796,2.7845056969999997,0.6111000281,2.561661637,0.3181934237,3.883544433,1.035155964,0.3084402668,0.05973100036,1.831340187,0.498197842,0.5341566743,0.09583876266000001,1.749149796,0.8160099468,0.5463153262,0.3680556155,3.6668615489999996,0.9967736751999999,2.758105336,0.7047389099,32.51704819,0.5742335972,0.9740143927,0.8056850666,0.6353950326,1.144264195,0.8411654098,6.563007111,0.6353950326,0.8056850666,2.0,3.0,0.0,1.0950230220000001,1.10773554,1.750007645,0.8160099468,0.5712180685,0.3680556155,-21.959199684934802,0.55827,36519444647.2853,0.39832,26056254486.0133,26056254486.0133,26056254486.0133,5.77,1.0,0.2207,1.0,0.2207,21.8872428603473,20.2969693139375,19.5598080441708,19.211706589835,18.921377484522,21.816015439068398,19.846510183388396,18.5147703352375,18.3051435498066,20.5910332333013,18.5920183835652,-20.4201919558292,2.32743481617644,10.09,-1.52,-11.61,8.4,1314.23057415163,2098.28195926942,3730.92483299251,1527.31709440355,18.5059731710871,18.6021667511654,18.7366074171619,20.164165393392,1.1131886461529499,58.3543328948246,112.13509383132799,0.018858999099440395,0.013497303349583949,/Volumes/My Passport/TPAGB/outcome/plot/CN/20200410/CN_20200514_cosmos_10_17943_2D.pdf,3.5,10.22,6.61,37.9,6.7
28,25830.0,11.0,cosmos,1.345098227,0.2762198909,0.983653453,0.6636401633,1.6443352,0.5104999094,2.410535355,0.1971528257,1.072703556,0.38812922689999996,1.7790705869999999,0.4638638195,1.707106746,0.5987710898,0.2624404321,0.11273373460000001,1.084451265,0.4913108772,0.6680978941,0.3196444349,1.623372454,0.7967662059,0.4771694429,0.41199042490000004,2.2878101,0.5233865067,1.152241747,0.4385282879,1.9037735059999998,0.5357319393,0.5535607054,0.3766047136,0.5466057684,0.6712022331,0.4139046432,0.6019856341,0.3766047136,0.4139046432,2.0,2.0,2.0,1.071197739,1.080559581,0.983653453,0.4913108772,0.6636401633,0.3196444349,-21.740540061228298,0.41778999999999994,22344676179.4677,0.18742999999999999,10024324795.5136,17610246710.6078,17610246710.6078,8.364,1.0,0.3861,2.0,-1.0,23.1825038587447,21.6510881981396,20.926103959219,20.5836128450428,20.3108032985269,23.1142992982111,21.2035605261597,19.9473473503429,19.761849905002002,21.938337205569702,20.1631001020717,-20.313896040781,2.25639989952567,10.04,-2.46,-12.49,8.4,209.916069973773,538.242705472821,617.977598849966,208.559505827051,20.0722969805184,20.186429034035896,20.332860785005398,22.081576678004698,1.09258025852066,25.6912366947218,22.042349288923102,0.06920846933834207,0.022628382580276985,/Volumes/My Passport/TPAGB/outcome/plot/CN/20200410/CN_20200514_cosmos_11_25830_2D.pdf,3.5,11.63,10.08,-32.3,4.6
29,26531.0,11.0,cosmos,2.07956206,0.39418031090000005,0.9942902069,0.7824451519,2.3500025669999998,0.3822735627,2.318640506,1.220900176,1.1151200940000001,0.6219819376,1.959060724,0.8782274474,2.34248639,1.0107759809999999,0.39675799219999996,0.07029887402,1.112513908,0.4617939418,0.783137345,0.1986042729,2.391133335,1.0695727959999999,0.3789036065,0.2450521343,2.005273859,1.43699864,1.369972242,0.7950795003,1.930796496,0.9074647739,0.9796664601999999,0.4862514769,0.7612446537,1.012529957,0.6108013218,0.7684352602,0.4862514769,0.6108013218,2.0,2.0,2.0,1.095872709,1.109279991,0.9942902069,0.4617939418,0.7824451519,0.1986042729,-22.2328475512835,0.41778999999999994,35163902017.1678,0.18742999999999999,15775318114.5498,27713312328.0158,27713312328.0158,5.152,1.0,0.3344,2.0,-1.0,22.693296620565,21.1072761272275,20.392784496982802,20.0424720877016,19.755737718517498,22.6285531775178,20.6613860194076,19.3505376361673,19.1418429507013,21.4009025979236,19.4695976006165,-20.5272155030172,2.30051212358212,10.17,-24.5,-34.67,7.6,450.66462290390297,940.808914041488,1482.87038532073,545.707596803651,19.4303037969791,19.547458753810197,19.7078931069522,21.356660663571102,1.11912603633588,55.5104228358554,47.12728194112229,0.032942716436932584,0.011736027777667983,/Volumes/My Passport/TPAGB/outcome/plot/CN/20200410/CN_20200514_cosmos_11_26531_2D.pdf,3.5,7.88,7.81,21.3,5.23
30,25830.0,15.0,cosmos,1.271287601,0.34465762200000005,0.9999896806,0.7498701441,1.609001264,0.5963046988,2.5008032609999997,0.2608795993,1.36021689,0.5577439571,2.004648135,0.5894525527,1.562041673,0.5947777822,0.37195462030000004,0.1397839054,0.9684828657,0.5452791404,0.8233335729,0.40569223649999997,1.712071519,0.8093444406,0.5653589809,0.4256835236,2.631219782,0.5606779747,1.372212186,1.088598669,1.76103563,0.8360255132,0.5987236551,0.5059862012,0.644868957,0.7540552199,0.7385212443,0.7044922538,0.5059862012,0.5987236551,1.0,2.0,0.0,1.134496414,1.1468201679999999,0.9999896806,0.5452791404,0.7498701441,0.40569223649999997,-21.826770042028304,0.41778999999999994,24191681581.4404,0.18742999999999999,10852933001.7697,19065905344.6072,19065905344.6072,8.364,1.0,0.3861,2.0,-1.0,23.1825038587447,21.6510881981396,20.926103959219,20.5836128450428,20.3108032985269,23.1142992982111,21.2035605261597,19.9473473503429,19.761849905002002,21.938337205569702,20.1631001020717,-20.313896040781,2.25639989952567,10.04,-2.46,-12.49,8.4,209.916069973773,538.242705472821,617.977598849966,208.559505827051,20.0722969805184,20.186429034035896,20.332860785005398,22.081576678004698,1.1593481996204,20.3361903890003,21.8728397659323,0.07471709309796713,0.024300228685200695,/Volumes/My Passport/TPAGB/outcome/plot/CN/20200410/CN_20200514_cosmos_15_25830_2D.pdf,3.5,11.63,10.08,-32.3,4.6
31,17321.0,17.0,cosmos,2.485070195,0.2556678546,1.270130569,0.5573294177,1.5215120119999999,0.5767746196,1.922283825,0.6732123748,1.49246928,0.3335472034,2.105013976,0.2996214959,2.974516966,1.15368935,0.2292676442,0.06599874491,1.375152695,0.6466671152,0.5351864114,0.3115783829,1.4674223259999999,0.8359838135,0.4966953944,0.45842363329999997,5.696695631,1.05659758,1.346104366,0.4526366662,2.519650202,0.2999575826,0.6651984465,0.4344430533,0.5386718423,1.564349453,0.45766598729999997,0.6193294754,0.4344430533,0.45766598729999997,2.0,2.0,2.0,1.107846948,1.116718625,1.270130569,0.6466671152,0.5573294177,0.3115783829,-21.5271115613176,0.36965,16241844007.7422,0.31651999999999997,13907394739.1602,19707669300.2317,19707669300.2317,6.564,1.0,0.2184,2.0,-1.0,22.086636889798697,20.576065629495,19.8875047135186,19.5501371985913,19.282478673700602,22.0188253014223,20.1469595723753,18.9013208854167,18.7038336007159,20.852242703153102,18.990217856382397,-20.0724952864814,2.19913217628016,9.9,-1.0,-10.9,8.4,855.127425643362,1506.54873267634,2124.71398661532,1328.42075740587,18.8907608554495,18.992842175679396,19.108411135451398,20.4727285584869,1.12569370926363,32.023713338544304,59.603786169644096,0.02870081018879247,0.014525254949822462,/Volumes/My Passport/TPAGB/outcome/plot/CN/20200410/CN_20200514_cosmos_17_17321_2D.pdf,3.5,10.33,6.95,-22.1,9.4
32,18089.0,17.0,cosmos,2.237160481,0.4395411936,0.9999748619,0.8294086899,2.675004735,0.4007808067,3.096269535,0.9809393692,1.338211942,0.4165610374,2.495685492,0.6647995812,2.721125616,1.054972207,0.4314654829,0.06217024186,1.130987193,0.43742352079999997,0.7880446968,0.1807392598,2.754098743,1.274413637,0.33264107379999996,0.24469856620000002,3.321623792,1.424548447,1.320162555,0.5073529218,5.13177915,0.9956746283,1.026603062,0.44048923289999997,0.7728903569,1.262732843,0.4763565204,1.428237612,0.44048923289999997,0.4763565204,2.0,2.0,2.0,1.09967777,1.114865975,0.9999748619,0.43742352079999997,0.8294086899,0.1807392598,-22.991953389356798,0.41778999999999994,70752110058.9292,0.18742999999999999,31740989464.4321,55761027970.4442,55761027970.4442,5.588,1.0,0.3799,2.0,-1.0,22.4241788595455,20.7979469591662,20.0360285638859,19.672919707835,19.3628204892873,22.3578807410853,20.3320415870732,18.9107194729303,18.687038010429898,21.1042157825948,19.037455300543197,-21.163971436114103,2.38815029565955,10.5,-1.28,-11.78,8.6,639.470811042666,1293.22712841467,2043.35138965918,630.731034685766,19.0286484884036,19.165260381726398,19.3375583952655,21.1622877518715,1.12720945308652,41.0751833905542,53.246066945262605,0.02983992065992525,0.010550955443018213,/Volumes/My Passport/TPAGB/outcome/plot/CN/20200410/CN_20200514_cosmos_17_18089_2D.pdf,3.5,11.31,8.32,-45.6,5.54
33,12390.0,20.0,cosmos,1.179176277,0.206310589,0.858072365,0.732549157,1.381957828,0.6827596154,1.413701759,0.2571803848,0.6803411213,0.5431223501,0.9949912997,0.7928015172,1.3535570369999999,0.5513267636,0.27105579469999996,0.1198027784,1.0148017120000001,0.3947147345,0.6672332101,0.2096670935,1.4560095259999999,0.7264306146,0.5433394002,0.44005850259999996,1.271359847,0.4606921713,0.6200505995,0.7095898002,1.067656103,0.8127175379,0.3860318156,0.36763080929999997,0.5370016379,0.44664576899999997,0.4281127454,0.5597479176,0.36763080929999997,0.3860318156,1.0,2.0,0.0,1.093889333,1.1009886359999999,0.858072365,0.3947147345,0.732549157,0.2096670935,-20.5462293118118,0.40331999999999996,7180281703.82427,0.16994,3025431599.59312,5538835593.84617,5538835593.84617,8.623,1.0,0.228,3.0,-1.0,23.175950219649803,21.797098297504,21.1205274857558,20.7916910871644,20.5231227916127,23.0974782830864,21.393847613861197,20.135543447278,19.9491796771706,22.0470995510245,20.2363198451882,-18.9294725142442,2.05542273389396,9.42,-0.67,-10.1,8.6,280.983334223582,460.538311812546,499.978842966951,269.301798539793,20.1277386361835,20.2368779738831,20.3555082448117,21.779820937525802,1.11786903987615,22.4256825686336,21.752442190115104,0.07150435370342705,0.022697179993389233,/Volumes/My Passport/TPAGB/outcome/plot/CN/20200410/CN_20200514_cosmos_20_12390_2D.pdf,3.5,11.57,6.17,65.6,7.97
34,12390.0,23.0,cosmos,1.23400874,0.2022215085,0.9972726304,0.6229983717,1.356061791,0.6764981697,2.629945723,0.2765710414,1.1133383940000001,0.608993416,1.502754705,0.765561555,1.519609613,0.583610601,0.2380062111,0.09999078133,0.9027859673,0.556182726,0.699939881,0.43009453270000003,1.255955068,0.7300571449,0.6081147606,0.46020369850000004,2.831529866,0.7810834683,1.2298404520000001,0.5592953581,3.153591825,0.8567523639,0.6306044763,0.48027302590000004,0.6237838276,0.8885295205,0.4813431553,0.9838797415,0.48027302590000004,0.4813431553,2.0,2.0,2.0,1.012698579,1.01913364,0.9972726304,0.556182726,0.6229983717,0.43009453270000003,-20.436678526511802,0.41778999999999994,6724027041.3662,0.18742999999999999,3016549913.50503,5299328311.41515,5299328311.41515,8.623,1.0,0.228,3.0,-1.0,23.175950219649803,21.797098297504,21.1205274857558,20.7916910871644,20.5231227916127,23.0974782830864,21.393847613861197,20.135543447278,19.9491796771706,22.0470995510245,20.2363198451882,-18.9294725142442,2.05542273389396,9.42,-0.67,-10.1,8.6,280.983334223582,460.538311812546,499.978842966951,269.301798539793,20.1277386361835,20.2368779738831,20.3555082448117,21.779820937525802,1.03539950537218,28.5133969472581,27.5670411150214,0.051896828974029564,0.01695594819039016,/Volumes/My Passport/TPAGB/outcome/plot/CN/20200410/CN_20200514_cosmos_23_12390_2D.pdf,3.5,11.57,6.17,65.6,7.97
35,10494.0,24.0,cosmos,2.79721195,0.48539691,1.559120436,0.7083629568,1.949979488,0.5391716383,5.734868157,0.7131099291,3.808296947,0.7295223336,9.315876300000001,0.8319312563,3.843959211,1.101229093,0.4238536759,0.06744907168,1.5090706569999999,0.8991164594,0.7158881425,0.5521870307,1.9148541940000001,0.993260653,0.5632205042,0.3996558477,5.597510707,0.9723157431999999,3.840730005,0.7519927165,9.590312485,0.7782981856,1.422807712,1.0558334759999999,2.169676127,1.508541312,1.071875469,2.1997066530000002,1.0558334759999999,1.071875469,2.0,2.0,2.0,1.094251137,1.110933916,1.559120436,0.8991164594,0.7083629568,0.5521870307,-23.669164939225197,0.52775,166760895140.414,0.31651999999999997,100015459080.708,141728312846.643,141728312846.643,12.07,1.0,0.3662,2.0,-1.0,21.7287917269242,20.0573391274693,19.250153634571102,18.868935258326896,18.5352939730171,21.6631068772692,19.5665535053216,18.070109456468,17.8237663816609,20.381009748647102,18.159198017574802,-21.869846365428902,2.47863809235308,10.79,-4.04,-14.83,8.2,597.441249730844,1482.53488433824,2507.38285379411,910.0514673926759,18.186009997365698,18.3347259800953,18.5028798894112,20.4758201415658,1.11711026384075,57.479078205064404,92.329343337081,0.025357706917204407,0.019805183385143487,/Volumes/My Passport/TPAGB/outcome/plot/CN/20200410/CN_20200514_cosmos_24_10494_2D.pdf,3.5,19.87,17.82,-60.3,6.79
36,11218.0,24.0,cosmos,2.560498945,0.1950904648,1.159588577,0.5293840615,2.049990343,0.2179832836,5.341833633999999,0.6990958205,2.8368310489999997,0.48537661039999996,4.923782688999999,0.6004201755,3.137740085,1.132068001,0.1618229577,0.06472836546,1.222111977,0.6326369647,0.5096972234,0.3893892039,2.096238217,0.744021318,0.2292337397,0.180774214,6.3861675,1.135040753,2.843503236,0.5015569365,4.997645759,0.6645120621,1.3404130920000001,0.7613252,1.216447325,1.732244473,0.7696373904,1.258583201,0.7613252,0.7696373904,2.0,2.0,2.0,1.121439385,1.12820414,1.159588577,0.6326369647,0.5293840615,0.3893892039,-22.653886166233697,0.31829,39480028791.3435,0.18742999999999999,23248426894.8491,40841706708.7703,40841706708.7703,6.488,1.0,0.3607,1.0,0.3607,22.1726385798883,20.5999112061152,19.8987512761638,19.5701356526744,19.273755970199698,22.1028880659125,20.163904117877397,18.8529975948577,18.626179939838103,20.8881996263129,18.9654978952664,-21.1912487238362,2.27388730372449,10.41,-2.08,-12.49,8.4,665.547395753639,1219.34806290091,1991.8229955948902,963.993852013143,18.9639325934532,19.0918719147928,19.2301832605301,20.915844680179898,1.13759619932846,31.674393874423,58.639561997395404,0.0297402316969638,0.015727148280546912,/Volumes/My Passport/TPAGB/outcome/plot/CN/20200410/CN_20200514_cosmos_24_11218_2D.pdf,3.5,12.46,7.76,-14.9,6.29
37,11319.0,24.0,cosmos,2.62850634,0.37827461840000004,1.145166559,0.7148332537,3.125001474,0.2997205459,2.519462554,0.5376469197,1.622346679,0.49270909659999995,13.66193144,0.6260410924,3.325095836,1.1615633140000001,0.3386406541,0.07326599209,1.4061905030000001,0.47762590299999996,0.6445986122,0.161093837,3.411663262,1.467515758,0.173213438,0.2114024626,3.015932925,0.821763064,2.079175439,0.5038506868,4.317732258,0.35908447,0.7223673394,0.5286827348,2.9242857819999997,0.9419767012000001,0.6222189138,0.9941120764,0.5286827348,0.6222189138,2.0,2.0,2.0,1.092215331,1.105215426,1.145166559,0.47762590299999996,0.7148332537,0.161093837,-22.8460726341939,0.31829,47125074294.55591,0.18742999999999999,27750330437.7411,48750432101.7434,48750432101.7434,7.433,1.0,0.3696,2.0,-1.0,22.4393914668958,20.8059826181988,20.0649050159112,19.7094107206631,19.390904497385602,22.376383143597103,20.3409732302544,18.9408287730108,18.695739677874602,21.1130868094189,19.008760619506102,-21.0750949840888,2.37448645098465,10.43,-6.05,-16.49,8.2,649.7004800693969,991.642453614642,1618.0201571098,602.811853874251,19.075671693794998,19.202441603915,19.3640576607073,21.174917513761198,1.11600788190269,49.4203992569,57.0123296152005,0.02697222745708471,0.009475845653732943,/Volumes/My Passport/TPAGB/outcome/plot/CN/20200410/CN_20200514_cosmos_24_11319_2D.pdf,3.5,10.03,8.76,30.4,6.44
38,11577.0,24.0,cosmos,2.720484269,0.3535932648,1.3755316690000001,0.6217461807,1.278104986,0.7087404317,4.134293959,1.184166462,4.774853457,0.6832031785,4.83934948,0.49804977619999996,3.562484417,1.053432154,0.3134966048,0.06075726459,1.637946583,0.6308209057,0.5650398477,0.18865579940000002,1.601136039,0.6009072761,0.5706931618,0.3330926759,4.767379861,1.510188666,4.433765368,1.007826731,11.77073884,0.5350985326,1.316290904,1.223427988,1.155659466,1.580600173,1.297970731,2.5176265559999997,1.155659466,1.223427988,2.0,3.0,0.0,1.101741247,1.113908385,1.278104986,0.6009072761,0.7087404317,0.3330926759,-22.422683337382196,0.36965,37056469951.6482,0.31651999999999997,31730322924.6468,31730322924.6468,31730322924.6468,11.819,1.0,0.2199,1.0,0.2199,21.4370655271484,19.8864676039713,19.1908335079962,18.859445623729698,18.5814811735418,21.3637529739194,19.4552575362068,18.184645549920603,17.9688881649836,20.1702345678156,18.2560570943178,-20.7791664920038,2.24623201915221,10.16,-0.74,-10.9,8.4,730.377893657045,1607.4092258092899,2518.9281932919102,1453.17687016859,18.1974782581159,18.259138520395698,18.400479235673497,19.7711711271505,1.12457070345539,70.0591704412136,93.44863328863208,0.020407226553397124,0.012658969218395752,/Volumes/My Passport/TPAGB/outcome/plot/CN/20200410/CN_20200514_cosmos_24_11577_2D.pdf,3.5,17.58,14.43,68.6,7.85
39,12923.0,24.0,cosmos,2.375901771,0.4291659073,0.9961993105,0.8197586125,2.299853798,0.4371450729,3.301493277,0.8712424755,2.839204541,0.3815192143,3.129732813,0.4533236878,2.862279056,1.12641353,0.4156230875,0.09230698267000001,0.7789731907,0.565114588,0.9587916416,0.5332629815,2.460504238,1.156428783,0.39016419,0.3398012847,3.311346952,1.17514087,2.8105265389999996,0.5076385097,3.220497667,0.4924749545,1.018882126,0.7167481728,0.8042995359,1.152581409,0.7658714308,0.8389017788,0.7167481728,0.7658714308,2.0,2.0,2.0,1.0544623290000001,1.068557119,0.9961993105,0.565114588,0.8197586125,0.5332629815,-22.516834009552397,0.41778999999999994,45676376548.1717,0.18742999999999999,20491450863.8881,35998385181.3011,35998385181.3011,6.163,1.0,0.3952,2.0,-1.0,23.0462093314576,21.4251269959468,20.6769604187506,20.3170008576807,19.9972782165371,22.975823002460498,20.964244277244198,19.5117317991895,19.2439507907723,21.7281995580851,19.5929246029476,-20.6130395812494,2.36924891270698,10.21,-2.28,-12.49,8.4,527.167738310756,646.255347690327,1002.50510215747,357.92168120101195,19.6732394789475,19.8050431233711,19.990845771521897,21.8594501953837,1.07839234937439,33.936464029968704,33.6633710047101,0.04616139491384172,0.02166340062236703,/Volumes/My Passport/TPAGB/outcome/plot/CN/20200410/CN_20200514_cosmos_24_12923_2D.pdf,3.5,9.69,4.82,58.6,8.15
40,19842.0,25.0,cosmos,2.44282562,0.3174163735,1.119786947,0.6481806199,1.208610517,0.5376744307,2.896334197,0.8307293058,2.720282702,0.2917819631,4.01644361,0.3436239032,2.930716986,1.03042355,0.3037989731,0.0496663631,1.142172039,0.48799745689999996,0.6426618964,0.1845084723,0.9559825695,0.5888830303,0.9712443993000001,0.41381111909999996,6.630405644,1.212656082,2.693890042,0.3083384062,5.899622585,0.5763058395,0.9226418699,0.654741874,0.9289049306999999,1.813327347,0.6567968094,1.395473585,0.654741874,0.6567968094,2.0,2.0,2.0,1.075668555,1.0864732320000001,1.119786947,0.48799745689999996,0.6481806199,0.1845084723,-21.9925609805437,0.31829,21470758468.2385,0.18742999999999999,12643388921.1158,22211291303.9951,22211291303.9951,8.808,1.0,0.2311,3.0,-1.0,21.912208295008696,20.348484280679102,19.6639674905241,19.3200360666112,19.03128962362,21.8373183494845,19.9179395593552,18.6334274493207,18.439116827727698,20.633182981449302,18.7356196393563,-20.416032509475897,2.24824080448454,9.96,-29.11,-39.07,7.2,836.366528885347,1432.76395475974,2117.05321867778,943.754581886763,18.6394211088533,18.7273867144068,18.854878823904,20.257111966978897,1.0931309579908801,88.15390786511641,79.4858204519546,0.023392770336021485,0.014844562102161049,/Volumes/My Passport/TPAGB/outcome/plot/CN/20200410/CN_20200514_cosmos_25_19842_2D.pdf,3.5,13.98,7.88,78.7,11.13
41,20236.0,25.0,cosmos,2.586774796,0.4521654462,1.24751645,0.7504905966,2.54999992,0.4112213232,2.4966551040000002,1.401411662,2.192079063,0.7449831901,3.180341543,0.8924245921,3.161545372,1.251893025,0.4209137927,0.1040816753,1.017581273,0.7307214048,0.8074651048,0.4895466996,2.4974794819999997,1.166863338,0.41573953659999996,0.24293197809999997,4.887495362,1.826074072,3.598504042,0.517133505,3.264534554,0.8916613188,1.09251145,0.7487093819,1.004543171,1.740907702,0.9229942886,1.020560334,0.7487093819,0.9229942886,2.0,2.0,2.0,1.059384841,1.074365448,1.24751645,0.7307214048,0.7504905966,0.4895466996,-21.9424966288283,0.36965,23811642965.3624,0.18742999999999999,12073627055.3169,21210361343.3552,21210361343.3552,12.59,1.0,0.2254,3.0,-1.0,22.0739496367715,20.5930392207893,19.8512618544214,19.4948218511035,19.1950154582622,22.004230345556504,20.1455582535555,18.7740361588775,18.5565520240665,20.8768965794414,18.8379939677717,-20.178738145578603,2.2226877823501,10.09,-0.63,-10.72,8.8,578.458128112787,855.052055415047,1267.4618064728102,624.6179437776,18.770280719896,18.869997697609104,18.9887320272253,20.5080016724115,1.07262042505745,64.0614275343542,69.32627715910711,0.023607137326778282,0.01203690243194932,/Volumes/My Passport/TPAGB/outcome/plot/CN/20200410/CN_20200514_cosmos_25_20236_2D.pdf,3.5,13.48,11.44,-12.1,7.95
42,12115.0,26.0,cosmos,1.581593439,0.5658303866,0.9859819818000001,0.9207907512000001,1.8000252190000001,0.6799543855,2.294422533,0.8445039239,0.9973777586,0.8104028469,1.37783571,0.7306845557,1.877141336,0.7439061125,0.5359658291,0.08693456166,0.812570864,0.569886128,1.043946703,0.5350950337,2.3982949469999997,0.7543999871,0.5118220147,0.2156173623,1.9856987519999998,1.032331266,1.103657734,0.9110260511,1.418141551,0.8072952383,0.8117392003,0.5450978682,0.5844032544,0.8332444143,0.6093701443,0.6254519568,0.5450978682,0.5844032544,3.0,2.0,0.0,1.093504394,1.113124679,0.9859819818000001,0.569886128,0.9207907512000001,0.5350950337,-22.495903516049598,0.41778999999999994,44804274273.9064,0.18742999999999999,20100206149.4011,35311065477.7913,35311065477.7913,9.087,1.0,0.3607,1.0,0.3607,22.9963758110922,21.444699582128,20.651983203182798,20.2636325070218,19.946871658230897,22.9190838342385,20.9659054119842,19.4499914346077,19.186308336460304,21.739845943525,19.5148872351504,-20.4380167968173,2.3443926079094504,10.2,-0.89,-11.09,8.6,377.21947880783097,511.89924619658996,791.632436186031,255.67876810752102,19.5838322060231,19.719421161486302,19.9065951334394,21.859296126991897,1.12474214116996,35.4583866062235,39.384181579354504,0.04289409149137504,0.022053697763083496,/Volumes/My Passport/TPAGB/outcome/plot/CN/20200410/CN_20200514_cosmos_26_12115_2D.pdf,3.5,12.86,7.33,33.5,6.18
43,16320.0,27.0,cosmos,2.547865034,0.39117108590000005,1.272277467,0.6880696396,1.6090194740000001,0.6327824968,2.689348523,1.275717997,2.324526749,0.7318650448,3.41238955,0.7719085725,3.206326533,1.129553095,0.3674942287,0.061942641970000004,1.519531717,0.5425043389,0.6332493434,0.1638164212,1.617548503,0.7361336525,0.6091737006,0.35496535479999997,5.389980745,1.671856246,2.327752941,1.1262000140000001,4.470042503999999,0.7504372258,1.075420421,0.7687386778,0.9973391026999999,1.771600912,0.9403690126,1.19339753,0.7687386778,0.9403690126,2.0,2.0,2.0,1.0939173359999999,1.107242652,1.272277467,0.5425043389,0.6880696396,0.1638164212,-22.1225058774508,0.36965,28105612971.7017,0.31651999999999997,24065977594.4895,34103031999.4802,34103031999.4802,9.799,1.0,0.2204,3.0,-1.0,21.7644739396452,20.1998900580472,19.482187016794697,19.147007419632896,18.8654623804547,21.693118677413,19.7643463931987,18.471568105455898,18.2596225258505,20.4876403245414,18.545563762149197,-20.4978129832053,2.28228692285046,10.15,-0.95,-11.09,8.6,944.923165782274,1848.3404626636802,2331.3134955259,1157.9339616495101,18.4680954408493,18.5663730541603,18.6751459823758,20.058786085140103,1.11682175927164,61.041408762779795,79.89812036186771,0.024469406867727493,0.016087351387594914,/Volumes/My Passport/TPAGB/outcome/plot/CN/20200410/CN_20200514_cosmos_27_16320_2D.pdf,3.5,13.8,8.39,-24.7,9.21
44,18177.0,27.0,cosmos,2.68191753,0.48426945619999995,1.107438712,0.8213420454,2.300005099,0.4497685078,3.522297668,2.940446976,2.935191694,1.515393518,3.2846962019999997,1.5448757069999999,3.361342846,1.367447883,0.44954992479999994,0.1796739253,0.8927440985,0.6281681518,0.9122776104000001,0.3910005313,2.085419085,1.081388981,0.5093977851,0.302600955,3.719981582,3.475534515,3.9497302660000004,1.2604723070000001,3.78020816,1.449818783,1.959070079,1.227092571,1.307742515,2.2294967359999998,1.313543426,1.3627368659999999,1.227092571,1.307742515,3.0,2.0,0.0,1.074091868,1.090240582,1.107438712,0.6281681518,0.8213420454,0.3910005313,-23.640155668141603,0.31829,97923124302.2251,0.18742999999999999,57663549555.3302,101300521939.712,101300521939.712,14.273,1.0,0.3482,1.0,0.3482,21.446093003622398,19.9765852541344,19.226504860231,18.8631088293068,18.5568709808905,21.3781260183896,19.52810051762,18.103859565492,17.864663200399,20.259361185503,18.191186377258397,-21.783495139769002,2.2195881433914,10.71,0.0,-10.72,8.8,753.285648829049,1163.82277968438,1831.55677689859,596.7174039068769,18.2161789332377,18.3366792153831,18.4884465410727,20.2651554270734,1.09953090155656,62.8128858566899,85.8872181481735,0.022004294004001917,0.014244127887560819,/Volumes/My Passport/TPAGB/outcome/plot/CN/20200410/CN_20200514_cosmos_27_18177_2D.pdf,3.5,16.51,14.3,-35.3,8.98
45,18192.0,27.0,cosmos,0.6467084515,0.35370268920000003,1.033817067,0.6921915886,1.356051671,0.7832565301,3.336000828,1.42041778,1.273872607,0.45899969420000003,1.825286859,0.7027971512,0.8657389062,0.2853218517,0.2990437143,0.09766991616000001,1.151593987,0.46715737560000004,0.6765654954,0.1779480943,1.234466215,0.7083597486,0.6813087022,0.4396586384,7.933095333,0.7708349186,1.181686855,0.551230789,7.566917762,0.8745387928,1.263733231,0.4463997387,0.6591935623,1.87468046,0.468495731,1.8485493430000002,0.4463997387,0.468495731,2.0,2.0,2.0,1.078416585,1.0903276579999999,1.033817067,0.46715737560000004,0.6921915886,0.1779480943,-21.4217430233527,0.41778999999999994,16659242501.0838,0.18742999999999999,7473711247.225,13129452765.3753,13129452765.3753,11.47,1.0,0.2135,2.0,-1.0,22.366045934985298,20.865326876783303,20.135667694853197,19.8165565554451,19.5383423884258,22.2937546537356,20.4247912107594,19.128566159622103,18.905587930666698,21.1531918796918,19.1804485652473,-19.774332305146803,2.23037824013206,9.84,-0.7,-10.54,8.6,475.85186916291906,643.060644198078,1028.81468980675,590.3084909244931,19.1166152048684,19.2095932669676,19.3387582398718,20.708718735288898,1.09990929224706,41.08902334091739,47.62825036784329,0.03326668991295903,0.011587051164677894,/Volumes/My Passport/TPAGB/outcome/plot/CN/20200410/CN_20200514_cosmos_27_18192_2D.pdf,3.5,12.18,10.62,-20.0,6.57
46,18990.0,27.0,cosmos,2.14959211,0.2648625327,0.999597483,0.653997013,1.609000521,0.5074375649,2.837956336,1.516896193,1.106902239,0.7347221444,2.123142176,0.9262001939,2.544969194,1.051022601,0.2676281244,0.062044640570000004,1.088093618,0.4643286599,0.6352769242,0.23086505010000002,1.681400414,0.7940991902,0.4635915665,0.3727197553,2.4295998930000002,1.9249456930000002,1.0652675120000001,0.8440138561,3.228115199,0.9549076179000001,1.208863556,0.5335457192,0.813908576,1.3065222570000001,0.572855804,1.040915457,0.5335457192,0.572855804,2.0,2.0,2.0,1.099241937,1.108274345,0.999597483,0.4643286599,0.653997013,0.23086505010000002,-22.571155503548198,0.41778999999999994,48019788416.1566,0.18742999999999999,21542758186.7451,37845270802.2125,37845270802.2125,6.684,1.0,0.3493,1.0,0.3493,22.1927490583665,20.6727275158211,19.9819111561351,19.661778690038602,19.393919761099397,22.125513224361,20.241660408393198,18.9697646482627,18.7649337151487,20.9530551623997,19.102841509451803,-21.038088843864898,2.21083790223136,10.32,-2.18,-12.49,8.4,575.8845586231109,1121.3138684577,1654.97284047347,659.6542630374109,19.0745433418249,19.1912164412847,19.3671446477848,20.9505712740087,1.12108704303734,42.849226705935,51.851275404671796,0.030704847068996687,0.011713150026735288,/Volumes/My Passport/TPAGB/outcome/plot/CN/20200410/CN_20200514_cosmos_27_18990_2D.pdf,3.5,12.38,8.22,-67.6,5.52
47,12893.0,22.0,goodsn,1.245913876,0.3313696225,0.6593795095,0.9707517565,3.625005044,0.1790501742,7.173229797,0.5444501513,1.835639571,1.5541967540000001,3.9128957030000002,3.326739181,1.610479365,0.5902346749,0.3625887986,0.1069339817,0.6923093173,0.345393392,0.9499670043,0.3848209708,3.619051839,1.533715468,0.1625234266,0.1429587205,7.3397165929999995,2.0404160669999998,1.8626340590000001,1.564916533,4.652301154,3.364213563,1.628961695,1.03041438,2.202430491,2.310016858,1.040304674,2.362255181,1.03041438,1.040304674,2.0,2.0,2.0,1.080803618,0.0,0.6593795095,0.345393392,0.9707517565,0.3848209708,-21.958605651615702,0.34973,22865207584.7607,0.15107,9876896205.157671,18852265423.3531,18852265423.3531,5.153,1.0,0.3198,1.0,0.3198,23.077770507090996,21.555887609764902,20.828175813163302,20.4795873950085,20.2018731766025,23.0151906881414,21.099659315535103,19.7796863680323,19.5321151155365,21.8479320850552,19.832146104884302,-19.9918241868368,2.24959469392777,10.01,-1.27,-11.28,8.8,587.512840277496,1056.15594485928,1572.7586431051902,787.274948369248,19.8402333637498,19.9682128848794,20.0912534894236,21.736415359838702,1.1124970885568,63.463137748981,62.4873737325831,0.02764774163831473,0.01509309008678837,/Volumes/My Passport/TPAGB/outcome/plot/CN/20200410/CN_20200514_goodsn_22_12893_2D.pdf,3.5,7.495,5.349,3.0,7.47
48,31165.0,9.0,goodss,2.909092045,0.4326442728,1.278799526,0.7143327864,3.125002323,0.2295347793,9.330903172000001,4.558067216,13.56428151,2.216949432,9.592063767,2.880185632,4.087157627,0.9944614801999999,0.34896912609999997,0.06425252659,1.5778058130000001,0.5343665545,0.6460226422,0.1628133213,3.30347499,1.453264305,0.2173891182,0.1843331337,8.650511056000001,5.652308456,12.902708500000001,3.173245608,19.70488149,3.037273273,3.788437834,3.595224171,3.111533025,4.130842045,3.881462516,5.143308219,3.111533025,3.595224171,2.0,3.0,0.0,1.092307865,0.0,3.125002323,1.453264305,0.2295347793,0.1843331337,-22.853918222585502,0.71732,106974491029.657,0.63498,94695062613.6335,94695062613.6335,94695062613.6335,14.145,1.0,0.296,1.0,0.296,21.2902048449675,19.6772582956972,18.9610184723155,18.6362250317634,18.36970580519,21.226869329036397,19.2251797239127,17.9587504735191,17.7158202774105,19.9736671058602,18.015616556714498,-21.678981527684602,2.32918637265207,10.69,-4.31,-15.0,8.4,808.98820828021,1685.66320236811,2229.53401052931,2008.87924881033,17.988463912055302,18.1070166010037,18.230421415553103,19.8184337582587,1.0996939319295,47.8264249412255,140.73332432683202,0.012478743731391585,0.007021095620754961,/Volumes/My Passport/TPAGB/outcome/plot/CN/20200410/CN_20200514_goodss_9_31165_2D.pdf,3.5,24.904,17.023,48.8,9.12
49,13531.0,10.0,goodss,1.381039489,0.09053303245,1.033999585,0.4609669592,1.433996934,0.446080352,4.138156811,0.5863398,3.570485203,0.7546301066,4.083288199,0.7479895567,1.810626244,0.5360188387,0.09803619494999999,0.05840660774,1.263243748,0.44501766670000004,0.4003676882,0.1976478166,1.542644248,0.6414011117,0.3162215056,0.3526264789,3.41788808,1.531166588,3.030747279,1.218061777,5.902064295,0.7322597593,1.057792637,1.020544458,1.117238172,1.327660037,1.116708745,1.463577331,1.020544458,1.057792637,1.0,2.0,0.0,1.155246083,0.0,1.033999585,0.44501766670000004,0.4609669592,0.1976478166,-22.3340468646882,0.41778999999999994,38599065167.4965,0.18742999999999999,17316409642.0304,30420627040.5943,30420627040.5943,11.633,1.0,0.415,1.0,0.415,22.4187452183359,20.965754775138603,20.3114569026579,20.0126494842,19.7574036371178,22.3372930652632,20.5614144524475,19.4241076415104,19.206790427774898,21.221779239666898,19.5269200945118,-21.088543097342104,2.10728831567792,10.23,-0.67,-10.9,8.4,414.177267550866,508.754801993657,877.736179889907,531.575599048088,19.522092271614,19.6319478309851,19.7673647174457,21.466284494013397,1.17306713971318,27.0929366204072,34.1906286392205,0.0485197111715742,0.01565876361413875,/Volumes/My Passport/TPAGB/outcome/plot/CN/20200410/CN_20200514_goodss_10_13531_2D.pdf,3.5,17.14,13.95,-60.9,6.23
50,40504.0,11.0,goodss,2.426072709,0.17128441579999998,1.034798269,0.5510270357,1.899979116,0.31218947059999996,11.08914778,2.572120907,6.520782085,0.4472143161,10.8400333,0.6485023216,2.9786245239999998,0.9740621262000001,0.1575185679,0.04801015651,1.071422864,0.4647789726,0.5419098441,0.289965755,1.905773182,0.6978283693,0.2740866676,0.21591869309999998,14.89957474,3.8466750380000003,6.447555527,0.4949769225,11.09070608,0.6824175792,3.268636268,1.460106368,2.386084738,4.561237111,1.466599937,2.449466461,1.460106368,1.466599937,2.0,2.0,2.0,1.119043161,0.0,1.034798269,0.4647789726,0.5510270357,0.289965755,-23.5550402691099,0.41778999999999994,118843148326.103,0.18742999999999999,53315711938.4415,93662452079.3516,93662452079.3516,9.258,1.0,0.4204,1.0,0.4204,21.5238722221583,19.987370625015,19.2943002773779,18.9869372770434,18.726529918327,21.4535839290642,19.554493548967898,18.345319273766602,18.143244110572898,20.2694559115878,18.425986766590103,-22.135699722622103,2.2295719447803997,10.71,-0.9,-11.61,8.4,765.478325114088,1592.7206853722,2325.78698485706,1634.30676649461,18.4522887511638,18.6005426620227,18.748905915112697,20.4852804512876,1.13733482496823,55.0134766775075,103.818876554725,0.01882477859613541,0.011209554862270535,/Volumes/My Passport/TPAGB/outcome/plot/CN/20200410/CN_20200514_goodss_11_40504_2D.pdf,3.5,19.003,15.737,-58.5,5.94
51,12009.0,19.0,goodss,2.7755081010000002,0.5810846952000001,1.63422061,0.7915591397,3.6250001860000003,0.39428982,5.970080808,2.78628952,7.690187356,2.007319221,12.00900179,2.036018833,3.915897333,0.9608206164,0.5231042094,0.05693320577,1.744692557,0.6458613724,0.7668470885,0.37314465420000004,3.096553292,1.701030008,0.3958014488,0.1868581498,5.872491271,3.762892078,7.523066107999999,2.138773026,16.61738982,2.195716689,2.367517188,2.363716942,3.214767311,2.772072775,2.388271333,4.17885313,2.363716942,2.367517188,1.0,2.0,0.0,1.112865954,0.0,1.63422061,0.6458613724,0.7915591397,0.37314465420000004,-22.8413037451082,0.52775,77794651573.3821,0.31651999999999997,46657627884.428,66116847758.008,66116847758.008,12.84,1.0,0.21899999999999997,2.0,-1.0,21.3826944813363,19.7203824851939,18.9467142483439,18.5808581161785,18.3004744137701,21.3227615417995,19.2397111789479,17.894371129532498,17.6609157332126,20.0408271795385,17.9102553945918,-21.013285751656102,2.43598023299236,10.6,-18.86,-29.46,8.0,1303.41637867259,1931.9438526799302,3179.2274540409303,2364.9037211427,17.8425628773552,17.952007619289102,18.079134458800603,19.6773422600917,1.13999275400265,112.981659185274,138.580802147002,0.017690104431197815,0.013896140812781744,/Volumes/My Passport/TPAGB/outcome/plot/CN/20200410/CN_20200514_goodss_19_12009_2D.pdf,3.5,25.287,14.902,76.2,7.9
52,42037.0,23.0,goodss,2.587901102,0.5001872268,1.178465326,0.829884603,1.800014213,0.6274389856,13.02432919,7.574072044,9.641419332,3.673695041,9.348904388,3.336854006,3.355570945,0.8826355757,0.4797144448,0.05295910165,1.272392942,0.6470863346,0.8081842882,0.3684765516,1.786752844,0.8837671655,0.650893863,0.4392220345,12.81114579,9.58906947,8.778624204,4.221329201,15.68318538,2.963917926,5.813502482,3.465223052,3.262352466,6.645913991,3.535172307,4.330585708,3.262352466,3.465223052,2.0,3.0,0.0,1.0981662909999999,1.108922988,1.800014213,0.8837671655,0.6274389856,0.4392220345,-24.2438626690071,0.55827,299494849573.141,0.39832,213686546799.888,213686546799.888,213686546799.888,11.073,1.0,0.4187,1.0,0.4187,21.071036511346396,19.5460412379146,18.7784152467314,18.431457331137,18.1263491238666,20.994567766958397,19.087113379244002,17.7142942002697,17.4733916135945,19.8349123607316,17.8035763165929,-22.6415847532686,2.2926212646149997,11.01,-0.08,-11.09,8.6,1758.83821614022,1916.4827799048498,2999.79063654527,1691.5992254884698,17.8652111028198,18.0064954285515,18.174012450145103,20.0431943327321,1.11967478413596,57.8777091686109,142.359716377814,0.018920528003579015,0.01583520778703033,/Volumes/My Passport/TPAGB/outcome/plot/CN/20200410/CN_20200514_goodss_23_42037_2D.pdf,3.5,15.556,14.07,20.5,11.61
53,37586.0,29.0,goodss,2.515592472,0.36046658789999997,1.089145309,0.715058195,3.125002102,0.2996896429,6.936108878,2.406677522,3.646871365,0.6042613392,67.40912499,2.94694245,3.080617931,0.9797311473999999,0.339036681,0.04970922613,1.165488632,0.5841388484,0.6920362557,0.452614552,2.341158256,1.28282995,0.3286022375,0.2246654493,10.609076400000001,3.475414798,3.55007923,0.7166986617,12.85623966,0.7714469744,2.390476201,0.9701691043,14.36709604,3.5671331339999997,1.000133111,2.830896233,0.9701691043,1.000133111,2.0,2.0,2.0,1.096957078,1.107645701,1.089145309,0.5841388484,0.715058195,0.452614552,-23.310867171490997,0.31829,72305255121.1653,0.18742999999999999,42578070210.6884,74799084842.8394,74799084842.8394,6.139,1.0,0.3875,2.0,-1.0,21.9526508041638,20.3478633516883,19.6053385557914,19.270008133169803,18.9890019878852,21.881736593378896,19.893482473889,18.5648928781013,18.336460321376602,20.6460377776886,18.654191023509,-21.6446614442086,2.34731224837236,10.62,-1.16,-11.78,8.6,1772.81604309138,1751.39694548457,2827.7101261514504,1577.0678485864898,18.6850915364722,18.8180699407845,18.972843306850802,20.7663397848453,1.12136302289182,42.964475048446,110.06854789516399,0.021226743028742,0.016464307244102167,/Volumes/My Passport/TPAGB/outcome/plot/CN/20200410/CN_20200514_goodss_29_37586_2D.pdf,3.5,11.744,6.71,74.6,6.14
54,24951.0,2.0,uds,2.786699964,0.7988319827,2.22286823,0.8711154703,2.000046521,0.8349511466,10.37540415,3.938563443,3.317599005,3.843693028,6.065498672,2.129733748,3.916005521,1.00855084,0.732009065,0.06393221561,2.39625261,0.8929867753,0.8435300956,0.1412787011,3.101916137,0.6006568997,0.5835647612,0.1087784873,9.931960086,4.7974328139999995,3.160790688,3.979037957,8.039918536,3.466866948,3.722604915,2.31101663,2.101328635,4.008949128,2.339260924,3.064560743,2.101328635,2.31101663,2.0,3.0,0.0,1.092701546,1.119975048,2.000046521,0.6006568997,0.8349511466,0.1087784873,-23.6562222937745,0.57182,178545232710.008,0.39832,124371545404.236,124371545404.236,124371545404.236,11.169,1.0,0.325,1.0,0.325,21.6994524780925,20.0316321777193,19.229854172173397,18.843529631756102,18.4838020553699,21.6384348459432,19.555646663179502,18.010850781743898,17.7189346692517,20.342738932314,18.028728852825502,-21.6201458278266,2.46959830591912,10.73,-4.09,-14.83,8.2,942.145349703661,1341.34791193167,2033.09267185832,899.827994597777,18.1002829999029,18.2162882525506,18.387097657349397,20.270417930049398,1.11942251431494,56.991332818282395,119.589421558967,0.013280675228939576,0.005376744780819624,/Volumes/My Passport/TPAGB/outcome/plot/CN/20200410/CN_20200514_uds_2_24951_2D.pdf,3.5,24.724,9.35,30.5,9.08
55,13976.0,14.0,uds,2.245959394,0.4916929207,1.07578166,0.8561354281,3.218440414,0.3001056016,5.086843996,3.067757485,3.238303743,1.371498722,4.332590721,3.26312335,2.552137903,1.023501633,0.49084372909999996,0.05135525012,1.278754792,0.4648500422,0.8105409838,0.1697633502,3.5915291039999997,1.574360623,0.2953102533,0.20753000929999998,4.787835939,3.501256083,2.325391094,2.028547699,4.568907398,3.46594098,2.318073856,1.223549108,2.256337579,2.448001288,1.331214688,2.39017645,1.223549108,1.331214688,2.0,2.0,2.0,1.101481152,1.118419149,1.07578166,0.4648500422,0.8561354281,0.1697633502,-22.827355468678302,0.31829,46319640675.1395,0.18742999999999999,27276038366.714,47917218837.6031,47917218837.6031,6.097,1.0,0.3499,1.0,0.3499,22.3798962279304,20.841122224126803,20.102364305524002,19.7381081137342,19.4327272875863,22.3171252150234,20.3838201060727,18.986446257403397,18.7201045329688,21.1210151858431,19.048779959421697,-20.917635694475997,2.27753192240634,10.37,-1.41,-11.78,8.6,862.821781813358,835.773641116779,1336.0173814274299,858.254909689536,19.076316668631602,19.190923735119604,19.369159052024397,21.0790357872303,1.13011294420536,39.1062263345684,74.0797232480807,0.021509766659909377,0.008608071637769376,/Volumes/My Passport/TPAGB/outcome/plot/CN/20200410/CN_20200514_uds_14_13976_2D.pdf,3.5,11.591,5.88,-74.2,5.94
56,14700.0,14.0,uds,1.865455554,0.5700955175,1.309242716,0.8792670268,1.688114108,0.7995263961,10.66857072,2.062335314,7.23958231,1.712131037,13.14944103,1.387471935,2.479985617,0.6432317008,0.5810016977,0.03346315624,1.7451101580000001,0.4864046607,0.7662652282,0.1351560374,1.652612401,0.7650541188,0.7686358309,0.36373029799999995,7.362101905,3.319343468,5.476411066,3.167396008,20.58018929,1.043227876,2.965901611,2.148212064,3.15496859,2.868972108,2.436926326,4.448550432,2.148212064,2.436926326,2.0,2.0,2.0,1.137832493,1.157145581,1.309242716,0.4864046607,0.8792670268,0.1351560374,-23.9869131901894,0.36965,156515007587.037,0.31651999999999997,134019018534.963,189913534976.585,189913534976.585,9.378,1.0,0.4461,1.0,0.44611999999999996,21.852323991228598,20.2932149050701,19.5158530350589,19.137988110612604,18.791391946567,21.7850777347992,19.8258667510669,18.351669215936898,18.0726270875907,20.5947860039599,18.4623538366106,-22.0541469649411,2.33647095616962,10.81,-0.8,-11.61,8.4,677.951881166611,997.071858022456,1599.19607167854,706.412294015612,18.5307624798732,18.658242804305,18.851907634266396,20.8523110420968,1.16657168386713,45.108110842887,92.5233605333128,0.018881697339678823,0.007391873339320747,/Volumes/My Passport/TPAGB/outcome/plot/CN/20200410/CN_20200514_uds_14_14700_2D.pdf,3.5,14.988,14.411,28.8,6.75
57,30019.0,19.0,uds,2.351812975,0.6516546746999999,1.111471093,1.0119518029999999,3.250048275,0.428123916,8.14126644,5.0780437,8.119308664,2.433040502,13.02842266,5.135698038999999,2.554360718,1.332843224,0.6603491557,0.18971224350000002,1.34314909,0.4551804657,0.9533476711,0.164847281,2.529519605,1.475824655,0.599828241,0.2344470025,7.398376036,5.556932357000001,6.494406903,3.682407074,12.16212132,3.577289056,3.782928912,2.631656073,4.756893165,3.846349058,2.857930662,3.912873163,2.631656073,2.857930662,2.0,2.0,2.0,1.103393904,1.125866492,1.111471093,0.4551804657,1.0119518029999999,0.164847281,-24.2339799600129,0.31829,169205695823.407,0.18742999999999999,99639396676.5568,175041650521.498,175041650521.498,9.166,1.0,0.4355,2.0,-1.0,21.734940524822,20.172100592369798,19.396320581123103,19.021819569025396,18.6827244849969,21.6721760847416,19.7316951955918,18.218918749796604,17.9166333107338,20.4689834826728,18.2879718429871,-22.113679418876902,2.33861994369892,10.87,-0.91,-11.78,8.6,889.996839847037,1163.5671014285,1658.1442694736,697.051057982962,18.3757259337305,18.5232465152307,18.7410750511918,20.7368083951082,1.13613514560142,50.4359513260277,98.73641870813151,0.017091628482658997,0.0074308023159394675,/Volumes/My Passport/TPAGB/outcome/plot/CN/20200410/CN_20200514_uds_19_30019_2D.pdf,3.5,13.334,12.959,-16.3,7.09
58,31083.0,19.0,uds,2.264749855,0.09666945748,1.007444351,0.4926307604,1.227487603,0.3481460079,4.762819741,4.104546173999999,6.117777277,1.450999102,9.923936608,0.9821242371,2.794392235,0.899872737,0.1015890306,0.04508982523,1.135459897,0.4388577247,0.46271902200000004,0.19276781329999998,1.64874794,0.499655325,0.3043711991,0.2618257277,4.117819379,5.195376126,5.259129842,1.9737534280000002,12.12306218,2.194873877,2.704761333,1.817145629,2.352877478,3.05255842,1.8771110880000001,3.305802663,1.817145629,1.8771110880000001,2.0,2.0,2.0,1.0821025690000001,1.085339553,1.007444351,0.4388577247,0.4926307604,0.19276781329999998,-22.9581775364574,0.41778999999999994,68584986155.9088,0.18742999999999999,30768768891.5531,54053078109.0041,54053078109.0041,6.995,1.0,0.43,1.0,0.43,21.8682253498995,20.4327569040308,19.8101750163848,19.540224665489898,19.267549924144898,21.792521922790602,20.0813079101211,18.8932402155524,18.645013449664,20.6782047204527,19.014453223942603,-21.669824983615197,2.05805033351474,10.37,-99.0,-99.0,7.0,887.074483647635,868.792578728625,1251.7846481455902,755.477359296268,19.0271663952023,19.1392456490518,19.300488919644497,20.8857218401274,1.09848256268633,30.3161370144304,73.587312668428,0.02255992483851136,0.00904347777178039,/Volumes/My Passport/TPAGB/outcome/plot/CN/20200410/CN_20200514_uds_19_31083_2D.pdf,3.5,10.928,6.318,51.6,6.83
59,32850.0,23.0,uds,1.229832048,0.1469294901,0.9500030433,0.5419114236,1.800002713,0.3039164446,2.945023272,0.4358631468,2.008039695,1.039357256,2.120481145,1.58848947,1.515498993,0.5237405166,0.1697719417,0.09129289902999999,1.039657204,0.44290699570000003,0.5627513156,0.2689377252,1.9246876519999998,0.7029879122,0.2803041942,0.2244798242,2.631512349,1.465567796,2.022008842,1.058691856,2.333315379,1.634785212,0.7608618186,0.8406292914,1.100594506,1.146518717,0.8517262228,1.161997752,0.7608618186,0.8406292914,2.0,1.0,0.0,1.113237711,1.118295466,1.229832048,0.5237405166,0.1469294901,0.09129289902999999,-21.132097832855802,0.36965,11288333812.9734,0.18742999999999999,5723718129.488971,5723718129.488971,5723718129.488971,5.144,1.0,0.4288,1.0,0.4288,23.3864541523387,21.959169510023,21.3192427285625,20.9984198129026,20.6878077240234,23.305576683496,21.5886225116151,20.3228451111819,20.0723847174527,22.208015898319697,20.494831657244198,-20.1607572714375,2.06721142377621,9.96,-1.13,-11.09,8.6,220.808006334147,299.14091208330797,462.245180058905,246.634203287177,20.463418612460398,20.5549812036054,20.7275872888926,22.429675549223102,1.1233338161818,32.1633576888968,23.954998020026,0.066307994778054,0.01947503719655761,/Volumes/My Passport/TPAGB/outcome/plot/CN/20200410/CN_20200514_uds_23_32850_2D.pdf,3.5,8.79,6.843,-62.7,5.56
60,39073.0,23.0,uds,0.9649619065999999,0.1377857069,0.1604931161,1.7866103580000001,1.010428452,0.9359386815,4.912801227,2.4770221119999998,2.688894551,1.897866338,2.80792106,5.039768448,1.129976512,0.4272446602,0.2157204197,0.09332868389,0.1705858718,0.08660113769,1.718932798,0.2963419307,1.204662585,0.5476016116,0.5833151046,0.44826517619999995,5.586014573,2.677259652,2.107321867,2.434376741,7.335446872,4.407134185,2.028105955,1.345127736,2.730729753,2.2456602709999998,1.464859458,3.33551828,1.345127736,1.464859458,2.0,2.0,2.0,1.149997875,1.154942428,0.1604931161,0.08660113769,1.7866103580000001,0.2963419307,-21.5852331032983,0.21495999999999998,9964394073.28245,0.29738,13784943754.7113,14917244120.437,14917244120.437,4.526,1.0,0.2693,2.0,-1.0,23.4576617575498,22.0621631033529,21.4656695839505,21.1471725237135,20.9083540722083,23.3753879836662,21.692896655499503,20.5514110376845,20.3410995751808,22.303404904075798,20.6313772547017,-18.9643304160495,1.9919921735993,9.19,-1.53,-10.72,8.2,355.87933380665,290.808878872169,476.46824757672493,404.38170847005205,20.5518978342932,20.6471812816228,20.772158140107397,22.0934116513053,1.21294553585147,23.6809342446906,24.5918178486264,0.06774058572163079,0.023900920325117495,/Volumes/My Passport/TPAGB/outcome/plot/CN/20200410/CN_20200514_uds_23_39073_2D.pdf,3.5,7.154,4.344,72.7,8.26
61,12505.0,28.0,uds,1.200576093,0.3292794176,0.9995091993999999,0.7538286953,2.875000233,0.23151915690000002,3.940868318,0.6273778793,1.5384450269999999,1.196540222,2.421781294,2.682259297,1.423969062,0.5873592919,0.3745321138,0.1335392458,0.858832606,0.5620494104,0.8424768592,0.4780113017,2.7038750019999997,1.2937576659999999,0.2825228018,0.1932599752,3.5592859989999996,1.3428012569999999,1.825225043,0.9905820928,3.4323801019999998,2.29300405,1.03728041,0.8176084656,1.633414145,1.273431065,0.7839798858,1.660845862,0.7839798858,0.8176084656,2.0,2.0,2.0,1.099481998,1.110657925,0.858832606,0.5620494104,0.8424768592,0.4780113017,-21.851458258442804,0.41778999999999994,24748070475.8309,0.18742999999999999,11102541586.1677,19504405576.992,19504405576.992,4.512,1.0,0.3336,1.0,0.3336,23.0878828387163,21.608339016185496,20.8970462307941,20.550352478591,20.262354322270898,23.016820014425303,21.169401141874,19.844908941189498,19.577821222470103,21.8783751403136,19.901018600757197,-20.0129537692059,2.19083660792221,10.01,-1.27,-11.28,8.8,301.254264054702,550.256394575762,544.219980302206,576.2156350421959,19.926371508659,20.0210925951366,20.1894238336245,21.7925246390727,1.1247920750449,32.6141115014039,42.0510890313739,0.03964146977784243,0.019791877060555182,/Volumes/My Passport/TPAGB/outcome/plot/CN/20200410/CN_20200514_uds_28_12505_2D.pdf,3.5,8.67,6.458,27.2,6.34
