,ID,region,field,M05_age_opt,M05_AV_opt,M13_age_opt,M13_AV_opt,BC_age_opt,BC_AV_opt,x2_spectra_M05_opt,x2_photo_M05_opt,x2_spectra_M13_opt,x2_photo_M13_opt,x2_spectra_BC_opt,x2_photo_BC_opt,M05_age_MCMC50,M05_age_std,M05_AV_MCMC50,M05_AV_std,M13_age_MCMC50,M13_age_std,M13_AV_MCMC50,M13_AV_std,BC_age_MCMC50,BC_age_std,BC_AV_MCMC50,BC_AV_std,x2_spectra_M05_MCMC50,x2_photo_M05_MCMC50,x2_spectra_M13_MCMC50,x2_photo_M13_MCMC50,x2_spectra_BC_MCMC50,x2_photo_BC_MCMC50,x2_M05_opt,x2_M13_opt,x2_BC_opt,x2_M05_MCMC50,x2_M13_MCMC50,x2_BC_MCMC50,min_2,model,min_spec_chi2,model_spec,grism_index,grism_index_AV_corr,age_opt,age_opt_std,AV_opt,AV_opt_std,M_K,BC_ML,BC_mass,M05_ML,M05_mass,M13_mass,best_mass,radius,use_phot,z_best,z_type,z_spec,u,g,r,i,z,U,V,J,H,B,K,Mr,color,FAST_mass,SFR,sSFR,ltau,SNR_F160W,SNR_F140W,SNR_F125W,SNR_F606W,F160W_mag,F140W_mag,F125W_mag,F606W_mag,SNR1,SNR2,EW_AV_corr,EW_AV_corr_2,EW_err_AV_corr,model_EW,model_EW_unattenuated,model_EW_smoothed,model_EW_smoothed_unattenuated,fig_name,FWHM,flux_ratio_err_AV_corr,ratio_err
0,26380,1,aegis,2.680621363,0.4187315595,1.0731159540000001,0.7517556203,1.208604831,0.6280617842,14.4515701,2.093738766,15.24253781,0.9544739584,12.59579885,0.8510140920999999,3.387580625,1.2323474429999999,0.3775348018,0.06453334052,1.034472917,0.6309493717,0.7669133072,0.4828924968,0.9123876468000001,0.6328542388,1.14278708,0.44081528049999996,15.96081966,2.11615743,15.24688494,0.997405559,19.36767601,2.7370390419999997,3.714082748,3.373624995,2.81482959,4.016862798,3.393086443,4.9476344480000005,2.81482959,3,12.5958,3,1.099384731,1.114002854,1.208604831,0.6328542388,0.6280617842,0.44081528049999996,-21.604423342950398,0.31829,15017316413.2275,0.18742999999999999,8843179538.56934,15535268116.0233,15535268116.0233,6.546,1.0,0.264,2.0,-1.0,22.873303252848896,21.2702901649025,20.553543911377,20.2103730455182,19.873692945738497,22.7962316559512,20.829869635191,19.484197115336197,19.1915654765995,21.5645318773564,19.5168614405496,-19.826456088623,2.31975934147185,9.74,-99.0,-99.0,7.0,309.503181472679,1170.73670601356,1428.9787433864801,565.863207483631,19.5535532264454,19.657425369515604,19.7909165246374,21.313505913791897,45.8791637262959,54.5202411332471,-4.435087048099703,-4.34748753470893,-1,4.551464806253234,4.683605131367463,2.969985146954199,3.1204528590982985,/Volumes/My Passport/TPAGB/outcome/plot/CN/20200712/CN_aegis_1_26380_2D_EW.pdf,4.93,1.234570664551323,1.234570664551323
1,14044,2,aegis,0.5999999948,0.5118285328,0.9976939066,0.8260331268000001,1.608101456,0.7042503067,7.817164895,1.246790801,5.7333273479999995,2.8358036189999996,4.977061021,3.6869701339999996,0.36330700130000004,0.278198086,0.7736279224,0.4474107157,0.6467999449,0.5052850339,1.078675105,0.41614261350000004,1.757464305,0.7345310009,0.6151992061,0.3627727524,6.991757692999999,3.832452076,6.324253089,1.539867289,7.5656638439999995,3.4966333310000004,2.0585686030000003,2.343017498,2.565279171,3.0195708480000003,1.895775828,2.985380685,1.895775828,2,4.9771,3,1.099384731,1.114002854,0.6467999449,0.5052850339,1.078675105,0.41614261350000004,-23.8518607306822,0.31829,119005569362.648,0.18742999999999999,70078274107.3898,123110106791.138,123110106791.138,9.935,1.0,0.436,1.0,0.4616,21.687977368905603,20.2066340959506,19.492934922842,19.2018027261957,18.869525374017,21.6147000776591,19.76252147195,18.4192997592819,18.206903775838,20.4893770369919,18.4564715935178,-22.017065077157998,2.19504244606357,10.77,0.23,-10.54,8.6,717.671668535635,2231.57919940347,2415.4949872498,621.6536380828869,18.5769349074432,18.7162604855527,18.895395075274898,20.7326894621923,79.0817869643343,97.7495392197454,-1.1104911075895896,-1.0667073329617947,-1,2.6643228100301535,2.811109981804025,1.6425640696282087,1.806260398366182,/Volumes/My Passport/TPAGB/outcome/plot/CN/20200712/CN_aegis_2_14044_2D_EW.pdf,5.85,0.7470112049402876,0.7470112049402876
2,19820,3,aegis,2.598997666,0.6730179072,1.0225575470000001,1.044543604,1.414390349,1.037262257,8.809732687,2.549450436,8.671134073,0.7304608993,8.851143212,1.142712486,3.3940660030000003,1.1428238720000001,0.6417678962,0.05952344505,0.8854962378,0.5131656169,1.136515591,0.3498113256,1.523541375,0.7322297167,0.9253795113,0.41097858049999997,9.848948423,3.067615933,8.990165939,0.5501103804999999,16.24745249,1.033626339,2.816200315,2.000480705,2.214207391,3.242692943,1.984219395,3.603078594,1.984219395,2,8.6711,2,1.09873283,1.121921212,0.8854962378,0.5131656169,1.136515591,0.3498113256,-24.1205775783313,0.31829,152424235536.051,0.18742999999999999,89757373673.449,157681392685.228,157681392685.228,8.046,1.0,0.4197,2.0,-1.0,21.9599219077002,20.291476747832302,19.476540915010702,19.0830930297831,18.743631786301698,21.8907186441174,19.8092820362577,18.260781519290898,17.9702049584117,20.6103966752696,18.312521246668698,-21.9534590849893,2.4833809926895403,10.69,-0.72,-11.41,8.2,961.333475849893,1998.22160942396,2748.0837117126903,754.970422869517,18.448836369340103,18.6136417321161,18.8261514704774,20.8114421096245,94.0328635885119,115.48531790000601,-2.7231325234623904,-2.72313645697369,-1,11.203415571667962,11.484519277143917,5.138816318006211,5.379170230961983,/Volumes/My Passport/TPAGB/outcome/plot/CN/20200712/CN_aegis_3_19820_2D_EW.pdf,7.82,0.5897435152669198,0.5897435152669198
3,26829,3,aegis,1.235837542,0.1310486223,0.9842859848000001,0.5489962452,1.208585531,0.3870203739,3.327690125,0.43807623100000004,2.996918968,0.6142544979,2.808246089,0.4304860546,1.4966075230000002,0.5395803356000001,0.17307371030000002,0.09135722874,1.031422426,0.4804659631,0.5887024622,0.2844646083,1.4226017880000001,0.541680904,0.4632099462,0.324299161,3.529193203,0.8119160064000001,2.5547034109999998,1.1186659140000001,4.275721068,0.6595471856,0.8361257687,0.848298302,0.7319713590000001,1.037368701,0.9811698923000001,1.116250624,0.7319713590000001,3,2.5547,2,1.132149568,1.1368070479999999,1.208585531,0.541680904,0.3870203739,0.324299161,-20.9050286457398,0.36965,9158032255.64257,0.18742999999999999,4643554675.16593,4643554675.16593,4643554675.16593,5.178,1.0,0.3996,3.0,-1.0,23.8092689762741,22.337713732017303,21.664554478843602,21.355253645379698,21.0956429836591,23.7340892409848,21.9420651757309,20.7433572419328,20.5068207581528,22.5964081078408,20.8030828339602,-19.6554455211564,2.14471449743042,9.59,-99.0,-99.0,7.0,200.840172814421,310.984441684332,453.6753054284449,171.569015061279,20.8781464074659,20.995919183787397,21.1338034375082,22.716961802821103,26.2408765183188,22.634044464406,-3.013093930006188,-3.091099187797142,-1,11.556646035674357,11.710929036564922,7.8640047698906415,8.01313985202574,/Volumes/My Passport/TPAGB/outcome/plot/CN/20200712/CN_aegis_3_26829_2D_EW.pdf,6.19,2.9777984087485136,2.9777984087485136
4,37275,11,aegis,2.668501211,0.4196539227,1.231177548,0.7270250382,2.000001518,0.4727481869,2.731612008,1.128758933,3.148202284,0.7348757593,2.262268415,0.746019093,3.283911394,1.215625742,0.38174101969999996,0.07564960719,1.596734632,0.6020908264,0.6280882887,0.2016228662,2.310543711,0.9727596262,0.4161193261,0.3328554616,3.393559479,1.233209646,3.0536512869999997,1.108043262,2.420217079,0.8388609607999999,1.019897927,0.9299812752,0.7627876029999999,1.193726609,1.073446447,0.8337182472,0.7627876029999999,3,2.2623,3,1.084933568,1.09903805,2.000001518,0.9727596262,0.4727481869,0.3328554616,-21.410990730097698,0.57182,22576448973.5764,0.39832,15726366960.1535,15726366960.1535,15726366960.1535,6.819,1.0,0.304,2.0,-1.0,23.244466662750803,21.5774615811684,20.8213944363728,20.457579870118398,20.126557921952,23.170593073968302,21.111901019016,19.728562073295898,19.4445489402073,21.8894680597195,19.7616581050023,-19.8786055636273,2.42307222637809,9.95,-4.87,-14.83,8.2,267.950402406871,707.549557873643,1075.02764194719,364.528743466446,19.8445936806243,19.9259897097896,20.089762191085104,21.7420719774615,26.460759636886703,39.302473803853005,-3.280874495248913,-3.2993988445852254,-1,2.2940621785961124,2.3935162111844543,1.863173895815057,1.9776157445223137,/Volumes/My Passport/TPAGB/outcome/plot/CN/20200712/CN_aegis_11_37275_2D_EW.pdf,4.6,1.798398026033731,1.798398026033731
5,21300,14,aegis,2.83934263,0.3705184251,1.6099134259999999,0.5827892705,1.2781008440000001,0.7177223362999999,4.960509085,1.858476877,4.362467194,1.745939678,3.9688619039999997,1.01447457,4.050544969,1.061148134,0.29781829120000003,0.06235186337,1.753634299,0.6049565668,0.5473530725,0.2533358099,1.644594932,0.49302299920000003,0.5766574845,0.2331289498,5.058689826,2.121362343,4.251176227,1.849792132,9.798583544,1.05653892,1.769136644,1.604210097,1.210581058,1.902201501,1.6276359569999999,2.360807104,1.210581058,3,3.9689,3,1.094843885,1.1075775840000002,1.2781008440000001,0.49302299920000003,0.7177223362999999,0.2331289498,-21.991683248596896,0.36965,24915178903.5854,0.31651999999999997,21334106388.6456,21334106388.6456,21334106388.6456,5.645,1.0,0.2161,3.0,-1.0,21.791045949942102,20.2723696014647,19.5984235663428,19.303327451047398,19.0079809228887,21.710955671340102,19.8554735220729,18.5892552947123,18.368216822929302,20.557718825335698,18.649614450603103,-20.3315764336572,2.19262238359926,10.0,-0.9,-10.9,8.4,987.9808929293021,2549.0739559102,3171.30553613887,1800.8681977690799,18.555607771716602,18.666324858798898,18.790645311402198,20.170387999752396,86.40808320350371,117.28521700578199,5.792896187249718,5.775674724656758,-1,4.265004360669408,4.414676005452417,3.328406344286886,3.4854889634233173,/Volumes/My Passport/TPAGB/outcome/plot/CN/20200712/CN_aegis_14_21300_2D_EW.pdf,5.41,0.6154027829657923,0.6154027829657923
6,10415,15,aegis,2.225592861,0.23183401059999997,1.021393025,0.5953078102,0.5708820836,1.19235573,1.6980794830000001,1.444130423,2.0224235680000002,0.666457379,2.095420494,0.6585505864,2.554888026,1.067749213,0.2299904143,0.05615450849,0.8971810278,0.536389428,0.6624977178,0.3628933885,0.609038661,0.26970952260000003,1.188181591,0.2862308832,1.7665230769999998,1.822939378,2.443909535,0.5530528937,2.294704404,0.8894998748,0.9559732706,0.6817137439000001,0.6924591129000001,1.133534302,0.7143776716,0.8313064872,0.6817137439000001,2,1.6981,1,1.103734996,1.1117671059999998,1.021393025,0.536389428,0.5953078102,0.3628933885,-21.399638743321198,0.31829,12435936378.3679,0.18742999999999999,7323093893.61115,12864855517.167,12864855517.167,5.732,1.0,0.2479,1.0,0.2522,22.5389619064852,21.0566066136334,20.3634622477872,20.0627989170953,19.787844652378897,22.460239055261102,20.638915468622198,19.3512661619097,19.138164819098698,21.334607376461,19.4237116554788,-19.8765377522128,2.17549965869798,9.75,-0.6,-10.35,8.4,722.115042266046,1549.64232885656,1826.4276906647901,833.424976715753,19.3661104375253,19.4659825066621,19.5993930715518,21.0206785755457,53.16867598975389,75.06015458819529,4.673702179690649,4.718229782371431,-1,8.388315329450618,8.454200013587517,5.31591469929644,5.373226529684516,/Volumes/My Passport/TPAGB/outcome/plot/CN/20200712/CN_aegis_15_10415_2D_EW.pdf,6.37,0.9153871698704285,0.9153871698704285
7,19787,16,aegis,2.109550404,0.7545070688,0.9568864104000001,1.157571179,3.3750000630000003,0.5255712316,7.408891079,5.678646668,6.540645574,3.2704514060000003,6.3137644129999995,5.793623658,2.422651948,0.9994621975,0.7771828489,0.05178149381,0.9191762903,0.4423782634,1.22155437,0.2543681274,2.798906316,1.6724483280000002,0.6510007455,0.2753472341,5.933841008,6.514683685,6.202837843999999,3.1918615569999997,8.704837471,8.647777404,3.9011723889999996,2.6882639160000004,3.73838636,3.977303475,2.588589588,5.44038,2.588589588,2,5.9338,1,1.137468046,1.1645889040000001,0.9191762903,0.4423782634,1.22155437,0.2543681274,-23.5751465325242,0.41778999999999994,121064455681.612,0.18742999999999999,54312240427.9771,95413104907.6326,95413104907.6326,5.682,1.0,0.4361,1.0,0.4625,22.7486493358734,21.0772092497216,20.254863553920398,19.8578712158719,19.515776573539,22.684958491105498,20.584933203500302,19.003904268057802,18.716429911600898,21.397601419675397,19.1022334454758,-21.2651364460796,2.49378578195297,10.63,-1.15,-11.78,8.6,867.433082538407,1231.01426959179,1756.64597845218,477.72665895391907,19.2480125530713,19.4179955567924,19.630908107948898,21.6277106094125,56.95344797885279,65.1766402633474,-4.498227323611088,-4.448020046754609,-1,9.297779902864871,9.509879028005743,6.554745919412461,6.746441978398246,/Volumes/My Passport/TPAGB/outcome/plot/CN/20200712/CN_aegis_16_19787_2D_EW.pdf,6.46,1.1062966502775107,1.1062966502775107
8,30005,19,aegis,1.305793478,0.2304279993,0.9730820523,0.6231446904,2.1500093419999997,0.282832597,2.83743695,0.5871683217,2.179986808,0.5424757801,1.868414571,0.8281454220000001,1.5841305380000001,0.5883210315,0.2592781676,0.08659771835,1.086361093,0.450101081,0.6284760446000001,0.2062939541,2.533442252,0.9112865148,0.2114350703,0.197971478,3.04282272,0.900182655,1.8665542380000002,0.8818218836,1.8684839469999999,0.9411367931999999,0.8055849629999999,0.6585437605,0.7219253215000001,0.9812047815,0.7448409614,0.7709376525,0.6585437605,2,1.8666,2,1.141437491,1.1497229009999999,0.9730820523,0.450101081,0.6231446904,0.2062939541,-20.777585744925602,0.40331999999999996,8885544710.041891,0.16994,3743948894.23911,6854267470.3805895,6854267470.3805895,4.067,1.0,0.2776,1.0,0.3134,23.5442136390059,22.0176061752884,21.335777176855302,20.9972548743835,20.6891792261452,23.4660005618139,21.5916941157881,20.345738423771802,20.0508684723022,22.3014498941257,20.383211092774502,-19.164222823144698,2.20843646215065,9.67,-1.42,-11.09,8.6,416.080907347358,556.506443456955,788.708291469094,377.404859576827,20.4013504488737,20.507827642501603,20.621929301713,22.090388766705605,29.5127465912956,28.4537081490501,-2.340038263551043,-2.3442749704019423,-1,11.536854748421053,11.710929036564922,9.937907174835255,10.10807926603761,/Volumes/My Passport/TPAGB/outcome/plot/CN/20200712/CN_aegis_19_30005_2D_EW.pdf,4.69,2.395339303887664,2.395339303887664
9,11221,28,aegis,2.071778497,0.5966040753,1.089748993,0.9753092870000001,2.0001228159999997,0.6628657542999999,9.046754089,1.924769591,6.00950743,0.9069291849,6.8953917460000005,1.351446863,2.141466781,0.9492645501000001,0.6044978819,0.04264510396000001,0.9713775354,0.6164796792,1.009720487,0.483882495,2.1471834469999997,0.8563193961,0.6312721139,0.2271432937,8.968376887,2.004947414,6.811186629,0.7530952515,8.437825557,1.36909526,2.5913302000000003,1.5601857069999998,1.9249677669999998,2.6108805459999997,1.649141279,2.23212273,1.5601857069999998,2,6.0095,2,1.138950911,1.160331902,1.089748993,0.6164796792,0.9753092870000001,0.483882495,-24.3097971509703,0.36965,210721850225.985,0.18742999999999999,106845925572.45,187701730314.663,187701730314.663,11.8,1.0,0.4337,2.0,-1.0,21.753369373435998,20.0510391579893,19.267765625084103,18.8901497119785,18.5400459691412,21.688121282586497,19.5837323047574,18.0577387875415,17.7990222685121,20.374266835492698,18.132022228829697,-22.2322343749159,2.48560374835188,10.98,-0.8,-11.78,8.6,764.4374856316921,1869.2796084344,3111.08747211899,701.882778517881,18.2323121525473,18.3843301832592,18.592548086598303,20.590789433544398,41.5037025114505,118.018207936741,-0.983188825073602,-0.9743376201221138,-1,10.554797355876861,10.816843296467939,3.3814311804163366,3.6019545208193087,/Volumes/My Passport/TPAGB/outcome/plot/CN/20200712/CN_aegis_28_11221_2D_EW.pdf,7.28,0.6159347846750616,0.6159347846750616
10,16063,28,aegis,0.9455943059,0.3275747757,1.030407597,0.8135420778,0.8555987934999999,1.268567368,12.46261412,1.373359478,5.333480293,0.4638874753,6.758738126,0.5840135525,1.4401984469999998,0.395994265,0.4513639943,0.06041191480000001,1.059491202,0.41927121380000004,0.8076283606999999,0.1632227859,0.8150839736,0.4210566466,1.2630678370000001,0.39183421630000004,9.097062014,0.8121684509999999,5.28314615,0.4936639585,13.52371814,0.8117163286,3.015484256,1.236792669,1.5656345969999999,2.118617749,1.239931661,2.977966564,1.236792669,2,5.2831,2,1.101791555,1.113157311,1.030407597,0.41927121380000004,0.8135420778,0.1632227859,-22.2699943130451,0.31829,27721754901.1327,0.18742999999999999,16324385061.1684,28677886460.2228,28677886460.2228,7.299,1.0,0.2445,1.0,0.2626,22.250004667308698,20.546033377541498,19.8045560230326,19.480624680195,19.1713710199101,22.174020823585302,20.0775628243406,18.6812184684055,18.4466801333407,20.8679245840657,18.733328231054898,-20.405443976967398,2.4454486442760297,10.14,-0.58,-10.72,8.2,1029.01113032126,1863.95712937883,2915.4430776131203,1100.04338432288,18.680766748349,18.807564628140604,18.9566047978548,20.49062322139,69.55292590009711,102.300730335435,0.18682674402764907,0.1735101851964164,-1,11.182981328063928,11.40599635054389,5.615642184773195,5.8247195019450775,/Volumes/My Passport/TPAGB/outcome/plot/CN/20200712/CN_aegis_28_16063_2D_EW.pdf,5.53,0.7487946980871926,0.7487946980871926
11,14044,30,aegis,1.585594596,0.4580233987,0.9994362409,0.8244922581999999,1.644501433,0.6875326139,14.18015252,3.803129771,9.357668956,2.8195383069999997,7.19894786,3.6804195980000003,1.955880778,0.9337172881999999,0.4547941087,0.07376430888999999,0.6603089482,0.5278439015999999,1.060613423,0.4968984794,1.181821075,0.8489872558,0.8008115544,0.4956983964,14.09464401,5.102884765,9.882524072,1.52618473,41.55716711,4.527391364,4.402660011,3.039719675,2.99387286,4.949696918,2.580768773,10.03266219,2.580768773,2,7.1989,3,1.120579768,1.136544042,0.6603089482,0.5278439015999999,1.060613423,0.4968984794,-24.1059659454822,0.31829,150386680222.488,0.18742999999999999,88557527644.9177,155573561483.805,155573561483.805,9.935,1.0,0.436,1.0,0.4616,21.687977368905603,20.2066340959506,19.492934922842,19.2018027261957,18.869525374017,21.6147000776591,19.76252147195,18.4192997592819,18.206903775838,20.4893770369919,18.4564715935178,-22.017065077157998,2.19504244606357,10.77,0.23,-10.54,8.6,717.671668535635,2231.57919940347,2415.4949872498,621.6536380828869,18.5769349074432,18.7162604855527,18.895395075274898,20.7326894621923,55.327383505323,93.07431036952059,-6.057837566143305,-6.046376589767318,-1,2.63060378201862,2.7739943115172694,1.6240573097173754,1.7827467014023464,/Volumes/My Passport/TPAGB/outcome/plot/CN/20200712/CN_aegis_30_14044_2D_EW.pdf,5.85,0.7859743602869192,0.7859743602869192
12,19842,1,cosmos,2.36822909,0.3139694803,1.1847044,0.6372860688,1.139105511,0.5819330274,1.953622769,0.7846637626999999,1.919895354,0.3429409813,2.375243,0.31912593559999997,2.79332555,1.0377979940000002,0.3031984155,0.047320885959999996,1.288556709,0.5001742546,0.6175088806,0.16586589710000002,1.253045043,0.531901265,0.5958194083,0.3498140628,4.754735569,1.087248889,1.811485583,0.4562654634,4.330188089,0.34518399409999995,0.7196147226,0.5215120319,0.5996016239999999,1.3947365680000001,0.549604905,0.9905027243000001,0.5215120319,2,1.8115,2,1.0882081670000001,1.098873634,1.1847044,0.5001742546,0.6372860688,0.16586589710000002,-21.9060700996437,0.36965,23026013258.2784,0.18742999999999999,11675275706.7473,11675275706.7473,11675275706.7473,8.808,1.0,0.2311,3.0,-1.0,21.912208295008696,20.348484280679102,19.6639674905241,19.3200360666112,19.03128962362,21.8373183494845,19.9179395593552,18.6334274493207,18.439116827727698,20.633182981449302,18.7356196393563,-20.416032509475897,2.24824080448454,9.96,-29.11,-39.07,7.2,836.366528885347,1432.76395475974,2117.05321867778,943.754581886763,18.6394211088533,18.7273867144068,18.854878823904,20.257111966978897,66.45486962279101,86.88828808410031,6.43504905987623,6.404746754651009,-1,9.715734352702393,9.890096844409408,4.750655367433054,4.907986235571165,/Volumes/My Passport/TPAGB/outcome/plot/CN/20200712/CN_cosmos_1_19842_2D_EW.pdf,11.13,0.8403232427457697,0.8403232427457697
13,20236,1,cosmos,2.429206684,0.4409069061,1.5426656440000002,0.6935792004000001,2.550000329,0.4115254187,3.7992772410000004,1.267665998,2.2691060430000003,1.230458412,2.3032843290000002,0.8632489015000001,3.04391373,1.115269201,0.4264125996,0.05412021864,1.612751424,0.8463247362,0.6789667827,0.3820828954,2.733721815,1.20105871,0.3613951134,0.2651795162,6.490495648,1.80984335,2.184101335,1.2771267,3.9522748439999997,0.9964684695999999,1.2874488000000002,0.9741930597,0.8215887222,2.045131419,0.9779250566,1.1995519,0.8215887222,3,2.1841,2,1.095754914,1.110737206,2.550000329,1.20105871,0.4115254187,0.2651795162,-21.6211625406283,0.6682,32016325566.514,0.39832,19085218197.6262,19085218197.6262,19085218197.6262,12.59,1.0,0.2254,3.0,-1.0,22.0739496367715,20.5930392207893,19.8512618544214,19.4948218511035,19.1950154582622,22.004230345556504,20.1455582535555,18.7740361588775,18.5565520240665,20.8768965794414,18.8379939677717,-20.178738145578603,2.2226877823501,10.09,-0.63,-10.72,8.8,578.458128112787,855.052055415047,1267.4618064728102,624.6179437776,18.770280719896,18.869997697609104,18.9887320272253,20.5080016724115,54.65893158101561,72.6822859895898,5.650809849485068,5.652259911177983,-1,6.578015190770725,6.759786613576113,1.6774611769329273,1.83324580561972,/Volumes/My Passport/TPAGB/outcome/plot/CN/20200712/CN_cosmos_1_20236_2D_EW.pdf,7.95,1.0032521649406363,1.0032521649406363
14,20423,1,cosmos,1.690703878,0.4094861503,1.025163285,0.7650674975,2.34999838,0.35536904350000004,3.47941589,0.508135363,2.733456682,0.4528389697,3.1548164560000003,0.6352938895,2.037989355,0.7743302614,0.3910540466,0.07965577646000001,1.1226378190000001,0.43521538909999996,0.7433301608,0.1724879592,2.741934058,1.071585328,0.28307293629999997,0.2245848683,3.4519992260000003,0.66677404,2.768443434,0.4676655964,4.808166535,0.8924333614,0.8959683191,0.7271425156,0.8880817688,0.9594385706999999,0.7403656462999999,1.320629497,0.7271425156,2,2.7335,2,1.11298222,1.127114718,1.025163285,0.43521538909999996,0.7650674975,0.1724879592,-22.7192293673738,0.31829,41929022832.5646,0.18742999999999999,24690554995.4682,43375167281.7528,43375167281.7528,7.057,1.0,0.354,1.0,0.354,22.4515756797603,20.827940704302897,20.070129716475698,19.717457540755102,19.420860990059303,22.3887191946284,20.3493287152642,18.9759152131338,18.751404364833398,21.140261167147898,19.0813725730262,-20.979870283524303,2.38144596328458,10.39,-14.41,-24.8,7.8,610.231645538831,1202.3759699404,1710.07412510203,524.434324943665,19.080118684579602,19.207859815617603,19.3545104475532,21.1169669101705,48.4115224686911,63.08857378730951,2.2558741231640953,2.2666697351094043,-1,11.247751194945582,11.458439158797596,7.567448393384976,7.768007416759657,/Volumes/My Passport/TPAGB/outcome/plot/CN/20200712/CN_cosmos_1_20423_2D_EW.pdf,6.02,1.0323593031399034,1.0323593031399034
15,21548,1,cosmos,1.6959552219999998,0.09043631027,1.25936228,0.396524045,1.392218054,0.4842091985,1.7565556469999999,0.1593543957,1.430891717,0.19848293469999997,1.110963038,0.17721813190000002,2.191439699,0.7619199811,0.1019392939,0.06708015834,1.4435156930000002,0.5899537506,0.3539524792,0.21867709649999997,1.5665761319999998,0.6496722425,0.3195978473,0.3545074635,1.687214524,0.3104661229,1.2766795020000001,0.33954874960000003,1.603496864,0.4522986204,0.4101830143,0.3639154432,0.2925718595,0.46224852229999996,0.39514470409999997,0.5074985191,0.2925718595,3,1.111,3,1.105029712,1.108138297,1.392218054,0.6496722425,0.4842091985,0.3545074635,-19.7148000700835,0.36965,3059924694.83783,0.31651999999999997,2620120017.34091,3712877918.3404493,3712877918.3404493,5.89,1.0,0.2196,2.0,-1.0,23.5799300711965,22.123400515308298,21.427724196147498,21.117733532827,20.8774348279941,23.5019931831646,21.7021150888696,20.552412840074002,20.380018595084,22.398879862226895,20.650956418016502,-18.5422758038525,2.15220587504898,9.33,-1.21,-10.54,8.6,213.010189962764,359.931149633259,527.7737071100689,329.732717265822,20.5400712402413,20.6260999703306,20.728080144859,22.022121698617397,49.6955939901534,22.4636547709959,8.311610826407565,8.258747998887486,-1,3.266478806343187,3.36995069042548,2.8368190607552806,2.9573011682835033,/Volumes/My Passport/TPAGB/outcome/plot/CN/20200712/CN_cosmos_1_21548_2D_EW.pdf,6.4,3.13070494646006,3.13070494646006
16,21966,1,cosmos,2.668241899,0.2916532553,1.308388113,0.5749432653000001,1.9500278569999998,0.40378255869999996,2.7830558819999998,0.5789650176,3.3000158589999997,0.25394103879999996,3.901551076,0.1768109766,3.5054839510000004,1.155122306,0.2501701696,0.060037854,1.556183313,0.5321839328,0.5220354897999999,0.1446456847,2.0107401769999997,0.8536294311,0.35958823,0.2710670669,3.753557452,0.8507302659999999,3.318852239,0.4940820313,4.829935375,0.1829643702,0.7914681585,0.7509016513,0.8342570508,1.097766431,0.8586966651000001,1.017194274,0.7509016513,2,2.7831,1,1.087830529,1.097789991,1.308388113,0.5321839328,0.5749432653000001,0.1446456847,-21.7171096447088,0.50628,26499313878.7491,0.31651999999999997,16567043590.3091,23476562108.4291,23476562108.4291,9.642,1.0,0.2225,1.0,0.2225,22.040054060666105,20.4809814888717,19.7718704854991,19.4326564614167,19.148597248019602,21.968911696519697,20.0395213772027,18.7631181779527,18.561998624586302,20.772145913379102,18.8466439278913,-20.2281295145009,2.26818357516701,10.01,-2.48,-12.49,8.4,595.0119932049549,1317.11664723985,1806.95533792615,838.345116964035,18.756914402686398,18.8386934189043,18.966384268032602,20.3837744955283,39.7076408274812,78.8576923542697,4.4834566172495895,4.485534487836534,-1,4.296452210797094,4.368197962814067,1.5060549436873245,1.5674067482508378,/Volumes/My Passport/TPAGB/outcome/plot/CN/20200712/CN_cosmos_1_21966_2D_EW.pdf,6.38,0.904553622153197,0.904553622153197
17,22611,1,cosmos,2.388569605,0.23769606010000002,1.188862065,0.5597646118,1.356052187,0.6630212399000001,2.529265476,0.4329675023,2.337949094,0.23473034620000002,3.424924494,0.22255771629999999,2.727650085,1.122868997,0.225898314,0.08470501944,1.243248483,0.5733307686,0.5446319857,0.23283981039999999,1.4412672069999999,0.6804475696,0.5082302679,0.4033676757,4.028477468999999,0.5387262636,2.3692618,0.2509172804,3.6911343989999996,0.20256765870000001,0.6788764493,0.5557618281000001,0.7615463351,1.0158480029999999,0.568861451,0.8045688634999999,0.5557618281000001,2,2.3379,2,1.0897281159999999,1.097864293,1.188862065,0.5733307686,0.5597646118,0.23283981039999999,-21.318178241568898,0.36965,13398679757.8465,0.18742999999999999,6793763146.25504,11934952980.8263,11934952980.8263,6.881,1.0,0.2272,3.0,-1.0,22.4037575786236,20.856215448293298,20.1693890490292,19.8333560567182,19.5483952431754,22.324572733337003,20.4291511636218,19.1761595484033,18.9959602219479,21.1362188481391,19.2826244605311,-19.8806109509708,2.2343685295944398,9.81,-1.09,-10.9,8.4,599.25462006468,1173.92306682855,1685.6274621230398,763.5438106266229,19.171613995452102,19.255091252352802,19.3923620701007,20.7822969056089,33.4359782488912,64.81097044829221,5.428556375590384,5.3955849658287365,-1,9.695882485155877,9.849960717718037,4.657255820458798,4.792433427521657,/Volumes/My Passport/TPAGB/outcome/plot/CN/20200712/CN_cosmos_1_22611_2D_EW.pdf,6.18,1.1135591663479663,1.1135591663479663
18,13683,3,cosmos,1.29296818,0.150650935,1.048895407,0.5450842126,1.800011218,0.3641355386,2.726243927,0.3288894452,2.016524161,0.5894297591,1.713176324,0.8795731164,1.605790694,0.6176382157,0.1881370809,0.07875215434999999,1.169480721,0.5111941009000001,0.5367003672999999,0.2465752365,1.9517737530000001,0.7863349142,0.3201001237,0.2863709211,2.7739587180000003,0.6268490174,1.7821214719999998,0.7698003862999999,1.938137209,0.7948558866,0.6719911029000001,0.647165097,0.7140836612,0.8104666799,0.6798679766,0.7210276459,0.647165097,2,1.7132,3,1.096871865,1.102099274,1.048895407,0.5111941009000001,0.5450842126,0.2465752365,-20.5516388231824,0.41778999999999994,7475040843.81492,0.18742999999999999,3353471613.38527,5891215982.46345,5891215982.46345,7.233,1.0,0.2093,2.0,-1.0,22.7156428087239,21.3498386980133,20.6753312034351,20.374105923589898,20.1430409238766,22.6428749604875,20.937331379970104,19.7828018765027,19.576423802658898,21.6130583463921,19.8574997977176,-19.1846687965649,2.0403116052887698,9.57,-0.97,-10.54,8.6,366.58137941641195,597.421985486477,890.896205701665,544.967649930315,19.7732150462687,19.8583923678121,19.9736734641993,21.2608256213677,30.3278650188357,31.196367003060303,1.8971805432096303,1.7777901531164662,-1,2.4726730634720058,2.5506644637432823,1.930837358814929,2.0208415294404993,/Volumes/My Passport/TPAGB/outcome/plot/CN/20200712/CN_cosmos_3_13683_2D_EW.pdf,5.08,2.3585596253817704,2.3585596253817704
19,14860,3,cosmos,2.6441345259999998,0.01281799851,1.4032544619999998,0.2864584118,1.949985296,0.08375491874,1.695562805,0.7939487604000001,1.823065023,0.9712210764,1.840443686,1.061657366,2.818438521,1.0076953020000001,0.01904882705,0.011124800220000002,1.5503244109999998,0.5925516922,0.2334446752,0.1855269078,1.892252071,0.42854925689999995,0.1201451066,0.07582763597999999,1.6489365230000002,0.8321389403,1.9250499890000001,0.9812027186,1.727044078,1.327902485,0.6735324434000001,0.7751645337,0.8177568499,0.6810400193,0.7992959923999999,0.9111950623,0.6735324434000001,1,1.6489,1,1.115129332,1.1155771159999999,2.6441345259999998,1.0076953020000001,0.01281799851,0.011124800220000002,-21.519785403850797,0.50628,22095555928.505,0.31651999999999997,13813868536.1666,19575136678.9842,19575136678.9842,6.251,1.0,0.3764,2.0,-1.0,22.943765804637103,21.439707833481,20.749381112574397,20.4375209850155,20.1741699317585,22.873140952659696,21.0111740228515,19.7753519800731,19.5696534539321,21.712699860019,19.9443519006492,-20.430618887425602,2.19438469206271,10.08,-8.56,-18.64,8.0,355.828551877037,610.924031272506,887.261310049452,400.4005073843551,19.8952053404693,20.013764663734698,20.1468214720863,21.8316564176219,55.66121528471889,34.664777938563105,8.124846616753059,8.089951455387757,-1,4.589907133917042,4.593173334846394,3.1049027630286394,3.1080059561161417,/Volumes/My Passport/TPAGB/outcome/plot/CN/20200712/CN_cosmos_3_14860_2D_EW.pdf,5.38,1.9146191840289155,1.9146191840289155
20,16320,3,cosmos,2.602770255,0.4022421444,1.322079983,0.6869030286,1.800003361,0.5473059612,3.468247242,1.343923349,3.4595504480000003,0.8234366806,3.851140785,0.8396190553,3.441765539,1.064079157,0.3705195275,0.05251971196000001,1.6292426169999998,0.5277145347,0.6228082273,0.1420017299,1.523205585,0.8562141682,0.6298068351,0.40382678990000004,4.921385404,1.73792421,3.201832848,1.234086299,21.52169167,0.8543197441,1.256240233,1.028841792,1.111896259,1.709261986,1.1568782990000002,4.5494461610000005,1.028841792,2,3.2018,2,1.095597488,1.1096149309999999,1.322079983,0.5277145347,0.6869030286,0.1420017299,-22.075885967950803,0.52775,38439933630.9996,0.31651999999999997,23054491317.639,23054491317.639,23054491317.639,9.799,1.0,0.2204,3.0,-1.0,21.7644739396452,20.1998900580472,19.482187016794697,19.147007419632896,18.8654623804547,21.693118677413,19.7643463931987,18.471568105455898,18.2596225258505,20.4876403245414,18.545563762149197,-20.4978129832053,2.28228692285046,10.15,-0.95,-11.09,8.6,944.923165782274,1848.3404626636802,2331.3134955259,1157.9339616495101,18.4680954408493,18.5663730541603,18.6751459823758,20.058786085140103,89.61655024472022,94.6429015194002,2.861497823258534,2.825829991695845,-1,8.398657112830438,8.583068493720713,2.914815589848358,3.076083988783436,/Volumes/My Passport/TPAGB/outcome/plot/CN/20200712/CN_cosmos_3_16320_2D_EW.pdf,9.21,0.7809396037364934,0.7809396037364934
21,24252,7,cosmos,2.635908866,0.5096043164,1.25615773,0.8032980412999999,1.208596895,0.6850725388,4.127735078,1.143470603,5.267433561,0.5613579711,7.486001475,0.2320296205,3.4173447830000003,1.13398125,0.47769253799999994,0.05377202454,1.142308802,0.6703278815,0.8276690523000001,0.41940127200000005,0.8685372520999999,0.6508197527,1.2486968090000001,0.4612689428,6.161305255,1.4529670119999998,5.7870704779999995,0.46283560770000004,12.41656633,0.5777366482999999,1.297369521,1.266236272,1.554212476,1.826451051,1.324412289,2.661520027,1.266236272,2,4.1277,1,1.073026963,1.090005574,1.25615773,0.6703278815,0.8032980412999999,0.41940127200000005,-22.297190607846602,0.69064,61677671711.3673,0.63498,56706950051.0888,56706950051.0888,56706950051.0888,12.477,1.0,0.2201,1.0,0.2201,21.4947637186995,19.990681061085898,19.2339803252527,18.8711325739028,18.551570088187802,21.4220249709665,19.538392067014698,18.140481114669896,17.9188410877862,20.2799277564792,18.189990660653397,-20.7360196747473,2.26078339344674,10.32,-0.39,-10.72,8.8,595.660307031838,1395.74721212189,2160.86373130819,596.947153811536,18.1203265266356,18.221897891361,18.3597259737954,19.900832283815998,63.8445259722755,106.949580988234,3.051528891111741,3.0356842323497117,-1,4.545784476597218,4.669871849769424,1.068995151717486,1.1771197253988768,/Volumes/My Passport/TPAGB/outcome/plot/CN/20200712/CN_cosmos_7_24252_2D_EW.pdf,10.06,0.7471378973421987,0.7471378973421987
22,25114,7,cosmos,2.408518094,0.20384685149999998,1.262183904,0.5121718922999999,1.609016121,0.45399230259999995,1.402147742,0.2532737404,1.46685762,0.20197079710000002,2.474212989,0.2299829246,2.8635068660000003,1.122132511,0.1837492898,0.05777338778,1.514194274,0.5473171206,0.4537691407,0.1595700802,1.5085564740000001,0.7537026608,0.4614463217,0.3661146318,4.274869837,0.44108836049999994,1.9283086790000001,0.31534600620000003,2.756944031,0.2284251165,0.3820941956,0.37241163,0.580162111,1.021350374,0.5111790892,0.6343857968,0.37241163,2,1.4021,1,1.10466605,1.1118052840000001,1.262183904,0.5473171206,0.5121718922999999,0.1595700802,-21.2456392589914,0.36965,12532751084.0847,0.31651999999999997,10731411803.4207,15207098016.058,15207098016.058,7.888,1.0,0.2074,2.0,-1.0,22.267251632290396,20.6875377218008,19.9838562884045,19.6651472920962,19.394186947356502,22.196675005159804,20.245176464339,19.024628045805102,18.828799356605998,20.982376268947302,19.099742989808604,-19.8561437115955,2.28339534388585,9.84,-3.58,-13.42,8.2,775.3875787671029,996.157537090591,1608.5429881599898,528.234372646483,19.000342141758804,19.093083416153398,19.204222760590802,20.5300815624403,68.669885302739,58.7011188493928,1.7645535768652731,1.8404452659303543,-1,6.722058128412769,6.777094691764896,3.0459013202127507,3.093170674026223,/Volumes/My Passport/TPAGB/outcome/plot/CN/20200712/CN_cosmos_7_25114_2D_EW.pdf,11.45,1.2316620150551771,1.2316620150551771
23,25888,7,cosmos,2.679579511,0.0,0.9645243006,0.3066821502,1.278102291,0.322277833,1.943645417,2.074325617,1.83221952,0.6231554065,1.958873565,0.9186896590000001,,,,,1.095222133,0.44822033240000003,0.307709609,0.19021848440000003,1.241725769,0.47026439600000003,0.2818905633,0.29360860980000003,,,1.7474601419999998,0.8404737372,4.501276455,1.303951136,1.27694097,0.6260029603,0.7787548047,,0.703785215,1.439494426,0.6260029603,2,1.7475,2,1.070936946,1.070936946,0.9645243006,0.44822033240000003,0.3066821502,0.19021848440000003,-20.5543347290103,0.41778999999999994,7493624589.787291,0.18742999999999999,3361808700.21741,5905862171.50428,5905862171.50428,6.018,1.0,0.2371,3.0,-1.0,22.493720921787702,21.1268939345711,20.548110733452198,20.2928863890469,20.0639176692453,22.405438123529102,20.7860867534606,19.7532176735528,19.5972616013849,21.3516507357284,19.8923806429897,-19.591889266547803,1.94561018833553,9.51,-0.84,-10.35,8.4,422.58926268714697,672.728931531592,1058.73628622404,442.03719895561,19.739194572486202,19.8341516364666,19.9308321032617,21.0511900726703,24.1325037549194,34.118949818470504,0.9737493585100079,0.8216037168171185,-1,11.623060957785265,11.710929036564922,8.235929906261516,8.323171244468504,/Volumes/My Passport/TPAGB/outcome/plot/CN/20200712/CN_cosmos_7_25888_2D_EW.pdf,6.77,2.23552786602772,2.23552786602772
24,14034,10,cosmos,1.500401721,0.5605484876,0.9710221672,0.9059654035,1.72791317,0.6598165324,14.82906278,0.8389284903,6.847693885,0.7664008869,9.420793192,0.8385890201999999,1.203697965,0.7675701862000001,0.5208096518,0.1158253336,0.7208334801999999,0.38151288710000003,1.094518618,0.3742717341,0.6103275638,1.12815151,1.479570864,0.6179870949,17.57790448,0.3345589398,6.42635785,0.805141439,9.093907432,1.17356666,3.2432321330000002,1.6620000730000002,2.1929354869999997,3.55826727,1.5969871430000002,2.274726028,1.5969871430000002,2,6.4264,2,1.086603917,1.1056595040000001,0.7208334801999999,0.38151288710000003,1.094518618,0.3742717341,-24.3425523527881,0.41778999999999994,245459012022.469,0.18742999999999999,110118438984.589,193450722863.002,193450722863.002,16.932000000000002,1.0,0.3743,1.0,0.3743,21.1789874730485,19.627475962125,18.837852493584197,18.4576355284263,18.126414852716398,21.107495914018198,19.149564169482602,17.6503373676717,17.4058561776107,19.929049778693198,17.732071068411898,-22.3321475064158,2.34113497946433,10.93,0.39,-10.54,8.6,809.941901149733,2163.57699589578,2397.77956128482,958.72377229743,17.779158336326198,17.931114993008602,18.091072156518802,19.9965582484438,75.3040865215675,118.50406141050199,4.225413886460622,4.231049033371271,-1,11.463656392769089,11.710929036564922,1.6987225454884163,1.8886647352171615,/Volumes/My Passport/TPAGB/outcome/plot/CN/20200712/CN_cosmos_10_14034_2D_EW.pdf,7.91,0.5705749956311188,0.5705749956311188
25,16377,10,cosmos,2.357310902,0.2404340458,1.211021526,0.5600596959,1.278100285,0.6068322507,1.632138536,0.5752953910999999,1.69959164,0.25830918129999997,2.255665184,0.3117827825,2.940657515,1.069340613,0.23328023350000002,0.05636160293,1.309544498,0.6022339347,0.5418740005,0.3234123368,1.193902194,0.633849806,0.5872823134,0.40654591799999995,4.043103773,1.007227112,1.5987743680000002,0.34617591649999996,22.55805089,0.7265170849,0.5663977238,0.4420339179,0.5731982624,1.221854085,0.4605612764,4.6952591660000005,0.4420339179,2,1.5988,2,1.104130908,1.11241781,1.211021526,0.6022339347,0.5600596959,0.3234123368,-21.3022049153221,0.36965,13203001622.7999,0.31651999999999997,11305326859.5932,16020372417.5981,16020372417.5981,6.623,1.0,0.2235,1.0,0.2235,22.4067724779883,20.8500788392167,20.153271730887,19.8300458544496,19.5646105253248,22.3407004740048,20.412535954030897,19.1758240696832,18.9764564764862,21.137710121012102,19.260697500377898,-19.856728269113,2.2535007471013397,9.86,-8.78,-18.64,8.0,815.815279832451,1181.03931108797,1970.7890560685698,867.436419954631,19.177492320703198,19.2652721954187,19.3748671576329,20.7342657743164,48.1916937849125,67.1340749364506,3.7701264983977096,3.798827702980507,-1,9.482865712840642,9.63666081922641,6.19389298958577,6.333726179657083,/Volumes/My Passport/TPAGB/outcome/plot/CN/20200712/CN_cosmos_10_16377_2D_EW.pdf,6.26,1.0972395130368309,1.0972395130368309
26,17321,10,cosmos,2.558415336,0.2848240866,1.3088075270000001,0.574756114,1.5215178280000001,0.5989366145,1.9680415,0.7829795615,2.308260121,0.41625555020000005,2.236035136,0.3420072111,3.24179227,1.154169898,0.2564641124,0.05719093852000001,1.48440191,0.6444476564,0.5376137427000001,0.2191655708,1.81644234,0.7051346271,0.4442383465,0.3343792422,4.529199035,1.068281832,2.174413738,0.6654502870000001,3.355443239,0.4300369242,0.72168412,0.6287156276,0.5824934666,1.3427179759999999,0.7107896712999999,0.8380284669,0.5824934666,3,1.968,1,1.104196511,1.114217832,1.5215178280000001,0.7051346271,0.5989366145,0.3343792422,-21.5377676752176,0.36965,16402036749.6117,0.31651999999999997,14044562889.1846,19902045356.2729,19902045356.2729,6.564,1.0,0.2184,2.0,-1.0,22.086636889798697,20.576065629495,19.8875047135186,19.5501371985913,19.282478673700602,22.0188253014223,20.1469595723753,18.9013208854167,18.7038336007159,20.852242703153102,18.990217856382397,-20.0724952864814,2.19913217628016,9.9,-1.0,-10.9,8.4,855.127425643362,1506.54873267634,2124.71398661532,1328.42075740587,18.8907608554495,18.992842175679396,19.108411135451398,20.4727285584869,55.9577406652118,73.92232807364209,3.3756743762475945,3.3354360485113097,-1,5.318040281752721,5.390821751744328,2.9792365871210045,3.0454005074640786,/Volumes/My Passport/TPAGB/outcome/plot/CN/20200712/CN_cosmos_10_17321_2D_EW.pdf,9.4,0.9479800898235404,0.9479800898235404
27,17943,10,cosmos,2.767831863,0.3683316307,1.5706568769999998,0.594235296,1.356056797,0.7616974626,2.769523538,0.7045305895999999,2.73274846,0.582315851,2.553827091,0.2925099566,3.656710025,1.018328834,0.32257120489999996,0.058869254,1.8296231930000002,0.5107205807999999,0.5310574663000001,0.1023648875,1.581768705,0.6437111010000001,0.5850932952000001,0.3677584161,3.18342707,0.9590205206999999,2.757052577,0.7026499706,13.71601909,0.49284185469999997,0.843292198,0.7831528204000001,0.6227360914,1.0340217170000001,0.8400551194,2.8770262110000004,0.6227360914,3,2.5538,3,1.0950230220000001,1.107663753,1.356056797,0.6437111010000001,0.7616974626,0.3677584161,-21.959199684934802,0.55827,36519444647.2853,0.39832,26056254486.0133,26056254486.0133,26056254486.0133,5.77,1.0,0.2207,1.0,0.2207,21.8872428603473,20.2969693139375,19.5598080441708,19.211706589835,18.921377484522,21.816015439068398,19.846510183388396,18.5147703352375,18.3051435498066,20.5910332333013,18.5920183835652,-20.4201919558292,2.32743481617644,10.09,-1.52,-11.61,8.4,1314.23057415163,2098.28195926942,3730.92483299251,1527.31709440355,18.5059731710871,18.6021667511654,18.7366074171619,20.164165393392,58.3543328948246,112.13509383132799,3.1859046615382716,3.1435327166135756,-1,3.5523860516285675,3.710693495599235,3.093515551208915,3.277856802039754,/Volumes/My Passport/TPAGB/outcome/plot/CN/20200712/CN_cosmos_10_17943_2D_EW.pdf,6.7,0.6945844347079067,0.6945844347079067
28,25830,11,cosmos,1.3263295590000002,0.2733086798,0.9505771597,0.6645570252,1.800000971,0.4170151535,1.7984645609999999,0.188560473,1.5552271340000001,0.38751299619999996,1.5007502469999998,0.4938733801,1.60601662,0.6158458763,0.2649991363,0.12262862880000001,1.038126278,0.4489353905,0.6760902995,0.2547536773,1.856888501,0.8279503454000001,0.410918936,0.34018737880000005,1.892101257,0.48731267219999996,1.63300388,0.40636881939999997,1.568473066,0.5360377002000001,0.4309859223,0.47003138310000003,0.5055766702000001,0.5787220978000001,0.4933105169,0.5370113462,0.4309859223,1,1.5008,3,1.071197739,1.080460486,1.3263295590000002,0.6158458763,0.2733086798,0.12262862880000001,-21.740540061228298,0.41778999999999994,22344676179.4677,0.18742999999999999,10024324795.5136,17610246710.6078,17610246710.6078,8.364,1.0,0.3861,2.0,-1.0,23.1825038587447,21.6510881981396,20.926103959219,20.5836128450428,20.3108032985269,23.1142992982111,21.2035605261597,19.9473473503429,19.761849905002002,21.938337205569702,20.1631001020717,-20.313896040781,2.25639989952567,10.04,-2.46,-12.49,8.4,209.916069973773,538.242705472821,617.977598849966,208.559505827051,20.0722969805184,20.186429034035896,20.332860785005398,22.081576678004698,25.6912366947218,22.042349288923102,7.693231189346482,7.626401116918667,-1,2.4618153027838092,2.5506728673682337,1.9867426977338334,2.092689009441418,/Volumes/My Passport/TPAGB/outcome/plot/CN/20200712/CN_cosmos_11_25830_2D_EW.pdf,4.6,3.236311937588171,3.236311937588171
29,26531,11,cosmos,1.296878382,0.38478346869999996,0.9992897770999999,0.7824213834,1.9000165359999999,0.4968945685,2.44021206,0.3817364032,1.393822774,0.6219588389999999,1.7555700890000001,0.8638942803,1.594079539,0.6123233066,0.39952450689999996,0.0985843533,0.7955441686,0.5671224945000001,0.9224927045,0.463069702,1.8470007469999998,0.969080466,0.5431716284,0.4110403183,2.9002893239999996,0.7966545499,1.671328049,0.5477440259,1.9340140730000002,0.8913276529999999,0.6393680889,0.5403584854,0.7155163119,0.9086332921,0.5620596515,0.7620621482,0.5403584854,2,1.3938,2,1.095872709,1.108958474,0.9992897770999999,0.5671224945000001,0.7824213834,0.463069702,-22.2328475512835,0.41778999999999994,35163902017.1678,0.18742999999999999,15775318114.5498,27713312328.0158,27713312328.0158,5.152,1.0,0.3344,2.0,-1.0,22.693296620565,21.1072761272275,20.392784496982802,20.0424720877016,19.755737718517498,22.6285531775178,20.6613860194076,19.3505376361673,19.1418429507013,21.4009025979236,19.4695976006165,-20.5272155030172,2.30051212358212,10.17,-24.5,-34.67,7.6,450.66462290390297,940.808914041488,1482.87038532073,545.707596803651,19.4303037969791,19.547458753810197,19.7078931069522,21.356660663571102,55.5104228358554,47.12728194112229,2.175928345128736,2.1888521486276815,-1,11.495184840243184,11.710929036564922,7.8873035767538076,8.094803845535331,/Volumes/My Passport/TPAGB/outcome/plot/CN/20200712/CN_cosmos_11_26531_2D_EW.pdf,5.23,1.5196220166344445,1.5196220166344445
30,25830,15,cosmos,1.2516184209999999,0.34135198840000003,0.9038655419,0.8158924912000001,2.1500034919999997,0.3837527976,1.914579545,0.26029272670000003,1.9737743319999999,0.5207634578,1.980324987,0.5972991704,1.4079116390000002,0.5792481806,0.3703086987,0.12414012210000001,1.0350127340000002,0.41456366759999996,0.7932222805,0.22581942940000002,2.405818062,0.9907232183,0.3471380874,0.28130332809999997,1.961011179,0.38167500299999996,1.762278574,0.9272648628,1.8526242519999998,0.8228570428,0.4846393093,0.6090869253,0.6435487119,0.5462927478,0.7442996687000001,0.7165659272,0.4846393093,1,1.7623,2,1.134496414,1.146701335,1.2516184209999999,0.5792481806,0.34135198840000003,0.12414012210000001,-21.826770042028304,0.41778999999999994,24191681581.4404,0.18742999999999999,10852933001.7697,19065905344.6072,19065905344.6072,8.364,1.0,0.3861,2.0,-1.0,23.1825038587447,21.6510881981396,20.926103959219,20.5836128450428,20.3108032985269,23.1142992982111,21.2035605261597,19.9473473503429,19.761849905002002,21.938337205569702,20.1631001020717,-20.313896040781,2.25639989952567,10.04,-2.46,-12.49,8.4,209.916069973773,538.242705472821,617.977598849966,208.559505827051,20.0722969805184,20.186429034035896,20.332860785005398,22.081576678004698,20.3361903890003,21.8728397659323,2.8210460858180704,2.825075837764334,-1,12.49927129869703,12.72413578342072,6.210927523247257,6.424273094266914,/Volumes/My Passport/TPAGB/outcome/plot/CN/20200712/CN_cosmos_15_25830_2D_EW.pdf,4.6,3.163600664494802,3.163600664494802
31,17321,17,cosmos,2.374819238,0.2489482911,1.238808903,0.562840941,1.5215001069999998,0.5763741185,1.80219267,0.6084769109,1.888890938,0.3049716384,2.065030345,0.2992400407,2.8584128489999996,1.123570578,0.2382219743,0.06348393542,1.454637825,0.5819319086,0.5167137716,0.18781669539999998,1.5942428309999999,0.7625631095000001,0.472055596,0.39358054840000006,3.653292463,0.9311081165999999,1.79764709,0.5676336337,7.271477767,0.4405715947,0.6138071546,0.4990263003,0.5307426120000001,1.113153464,0.5952127757,1.602991895,0.4990263003,2,1.7976,2,1.107846948,1.116484548,1.238808903,0.5819319086,0.562840941,0.18781669539999998,-21.5271115613176,0.36965,16241844007.7422,0.31651999999999997,13907394739.1602,19707669300.2317,19707669300.2317,6.564,1.0,0.2184,2.0,-1.0,22.086636889798697,20.576065629495,19.8875047135186,19.5501371985913,19.282478673700602,22.0188253014223,20.1469595723753,18.9013208854167,18.7038336007159,20.852242703153102,18.990217856382397,-20.0724952864814,2.19913217628016,9.9,-1.0,-10.9,8.4,855.127425643362,1506.54873267634,2124.71398661532,1328.42075740587,18.8907608554495,18.992842175679396,19.108411135451398,20.4727285584869,32.023713338544304,59.603786169644096,3.751458634343855,3.775237589286319,-1,9.216578826061278,9.370648181224283,6.002347506719489,6.140945827534398,/Volumes/My Passport/TPAGB/outcome/plot/CN/20200712/CN_cosmos_17_17321_2D_EW.pdf,9.4,1.1744283518500416,1.1744283518500416
32,18089,17,cosmos,2.06527692,0.43349297979999996,0.9992508839,0.8297892725,2.675003068,0.40211130170000003,2.528493015,0.8514653045999999,1.725564629,0.4158392305,2.846693702,0.6615083185,2.290921825,0.9692682502,0.43425782329999996,0.05860399815,0.7954136468999999,0.5219710241,0.9690556844,0.423559785,2.580278618,1.320389163,0.3783460869,0.2865567262,2.301102059,1.022259872,1.707851911,0.4760078533,3.2699294389999998,0.7045420426000001,0.8602085915000001,0.5153903343999999,0.8396200303,0.8901203016,0.5380431759000001,0.9404633591,0.5153903343999999,2,1.7079,2,1.09967777,1.114655561,0.9992508839,0.5219710241,0.8297892725,0.423559785,-22.991953389356798,0.41778999999999994,70752110058.9292,0.18742999999999999,31740989464.4321,55761027970.4442,55761027970.4442,5.588,1.0,0.3799,2.0,-1.0,22.4241788595455,20.7979469591662,20.0360285638859,19.672919707835,19.3628204892873,22.3578807410853,20.3320415870732,18.9107194729303,18.687038010429898,21.1042157825948,19.037455300543197,-21.163971436114103,2.38815029565955,10.5,-1.28,-11.78,8.6,639.470811042666,1293.22712841467,2043.35138965918,630.731034685766,19.0286484884036,19.165260381726398,19.3375583952655,21.1622877518715,41.0751833905542,53.246066945262605,5.71043932438926,5.686604230601619,-1,11.483014616562375,11.710929036564922,7.772706353590356,7.990256985310063,/Volumes/My Passport/TPAGB/outcome/plot/CN/20200712/CN_cosmos_17_18089_2D_EW.pdf,5.54,1.3099829713302344,1.3099829713302344
33,12390,20,cosmos,1.1620836890000001,0.2017368295,0.9500163042,0.6334622452,1.381900846,0.6823234893000001,1.1565883909999999,0.2532951997,0.9649714728000001,0.6141583552000001,0.9934229220999999,0.7918514153,1.37386937,0.5544714233,0.27338126,0.1181674483,1.009513723,0.4707756689,0.6888132123999999,0.2826751365,1.282729905,0.7737473401,0.6199193602,0.4961248856,1.059787585,0.4871595143,1.085815641,0.7971310951999999,1.356323451,0.7818044214000001,0.33442207399999996,0.4537036979,0.5362850855,0.4170413753,0.5565149596,0.6023943153,0.33442207399999996,1,0.965,2,1.093889333,1.10083075,1.1620836890000001,0.5544714233,0.2017368295,0.1181674483,-20.5462293118118,0.40331999999999996,7180281703.82427,0.16994,3025431599.59312,5538835593.84617,5538835593.84617,8.623,1.0,0.228,3.0,-1.0,23.175950219649803,21.797098297504,21.1205274857558,20.7916910871644,20.5231227916127,23.0974782830864,21.393847613861197,20.135543447278,19.9491796771706,22.0470995510245,20.2363198451882,-18.9294725142442,2.05542273389396,9.42,-0.67,-10.1,8.6,280.983334223582,460.538311812546,499.978842966951,269.301798539793,20.1277386361835,20.2368779738831,20.3555082448117,21.779820937525802,22.4256825686336,21.752442190115104,3.1767257833820146,3.331837849365761,-1,11.534120606731873,11.710929036564922,5.343636386170891,5.498008458049929,/Volumes/My Passport/TPAGB/outcome/plot/CN/20200712/CN_cosmos_20_12390_2D_EW.pdf,7.97,3.205010578991899,3.205010578991899
34,12390,23,cosmos,1.201949531,0.19354439539999999,0.9936208333,0.6231875946000001,1.3560614659999999,0.6760298692,2.123233866,0.2587641164,1.4761299819999998,0.6090159749,1.4796758230000002,0.7653008856,1.354703084,0.5692283229,0.2320937957,0.1033727028,0.7899793041,0.5511159422999999,0.7663315142,0.4042190282,1.4186500530000001,0.7415135219,0.5494716672,0.464543521,2.0177326840000003,0.41559503729999997,1.562600094,0.5262401704,3.479589869,1.007869338,0.5244918276,0.5507277772,0.6191894517000001,0.5720161008,0.5316222513000001,1.112712412,0.5244918276,1,1.4761,2,1.012698579,1.018856678,1.201949531,0.5692283229,0.19354439539999999,0.1033727028,-20.436678526511802,0.41778999999999994,6724027041.3662,0.18742999999999999,3016549913.50503,5299328311.41515,5299328311.41515,8.623,1.0,0.228,3.0,-1.0,23.175950219649803,21.797098297504,21.1205274857558,20.7916910871644,20.5231227916127,23.0974782830864,21.393847613861197,20.135543447278,19.9491796771706,22.0470995510245,20.2363198451882,-18.9294725142442,2.05542273389396,9.42,-0.67,-10.1,8.6,280.983334223582,460.538311812546,499.978842966951,269.301798539793,20.1277386361835,20.2368779738831,20.3555082448117,21.779820937525802,28.5133969472581,27.5670411150214,0.9208475265261833,1.0291357351215513,-1,11.536843368853322,11.710929036564922,5.383593513723934,5.536835016712776,/Volumes/My Passport/TPAGB/outcome/plot/CN/20200712/CN_cosmos_23_12390_2D_EW.pdf,7.97,2.4759467710760137,2.4759467710760137
35,10494,24,cosmos,2.579077149,0.4765593408,1.2907961829999999,0.7755801445,1.949990829,0.5388672845,4.100712165,0.6353073129,3.178799534,0.7999569045,3.12841249,0.8340197423000001,3.1742841239999997,1.13388282,0.4476448962,0.05770563947000001,1.308355025,0.7759386226999999,0.7695186866,0.5812227827,2.126288184,1.04710223,0.49333824719999997,0.4163487193,6.142676513,0.9176355677,3.198771717,0.7953499254,4.018530201,0.7271924456000001,1.07175666,0.964145015,0.9691325184999999,1.590686619,0.9660252861,1.095645108,0.964145015,2,3.1284,3,1.094251137,1.1106279079999999,1.2907961829999999,0.7759386226999999,0.7755801445,0.5812227827,-23.669164939225197,0.52775,166760895140.414,0.31651999999999997,100015459080.708,141728312846.643,141728312846.643,12.07,1.0,0.3662,2.0,-1.0,21.7287917269242,20.0573391274693,19.250153634571102,18.868935258326896,18.5352939730171,21.6631068772692,19.5665535053216,18.070109456468,17.8237663816609,20.381009748647102,18.159198017574802,-21.869846365428902,2.47863809235308,10.79,-4.04,-14.83,8.2,597.441249730844,1482.53488433824,2507.38285379411,910.0514673926759,18.186009997365698,18.3347259800953,18.5028798894112,20.4758201415658,57.479078205064404,92.329343337081,3.2982056589618964,3.317819812474069,-1,2.318913918171633,2.4317252198661685,1.223838695452361,1.3396972286685809,/Volumes/My Passport/TPAGB/outcome/plot/CN/20200712/CN_cosmos_24_10494_2D_EW.pdf,6.79,0.7521693144500853,0.7521693144500853
36,11218,24,cosmos,2.450740316,0.1909701614,1.092457492,0.5464337251,1.9499917469999999,0.2611429105,4.670153787,0.6426855356,3.286535437,0.502964418,3.06427372,0.5591623242,2.954668588,1.122669022,0.1636229826,0.06133560623,1.185176744,0.4981184622,0.5167695703,0.1954508461,2.128891625,0.7292173595,0.2193937662,0.1810120563,6.152517945,1.10423072,3.35452032,0.5134781028000001,3.73586304,0.4483592903,1.185527424,0.8562734168,0.8374860994,1.673514815,0.8740336384999999,0.9198419079000001,0.8374860994,3,3.0643,3,1.121439385,1.128060847,1.9499917469999999,0.7292173595,0.2611429105,0.1810120563,-22.653886166233697,0.31829,39480028791.3435,0.18742999999999999,23248426894.8491,40841706708.7703,40841706708.7703,6.488,1.0,0.3607,1.0,0.3607,22.1726385798883,20.5999112061152,19.8987512761638,19.5701356526744,19.273755970199698,22.1028880659125,20.163904117877397,18.8529975948577,18.626179939838103,20.8881996263129,18.9654978952664,-21.1912487238362,2.27388730372449,10.41,-2.08,-12.49,8.4,665.547395753639,1219.34806290091,1991.8229955948902,963.993852013143,18.9639325934532,19.0918719147928,19.2301832605301,20.915844680179898,31.674393874423,58.639561997395404,2.9477174670882214,2.9584877648436296,-1,2.3755412400669806,2.4317245098013,2.192683461660398,2.2566212969208457,/Volumes/My Passport/TPAGB/outcome/plot/CN/20200712/CN_cosmos_24_11218_2D_EW.pdf,6.29,1.173561433654243,1.173561433654243
37,11319,24,cosmos,2.489659037,0.37323345399999996,1.091400973,0.728905749,3.125001422,0.2996984024,2.169085558,0.4794747035,1.768500311,0.5203642375,13.83648427,0.6259051439,3.015551538,1.152148555,0.34668924450000005,0.06849945334,1.226652672,0.4873356077,0.6850866426000001,0.1908926729,3.425491767,1.478195248,0.17443447480000002,0.21070444,3.5686972580000003,0.7980352220999999,2.004733698,0.4955294896,4.531855965,0.360761179,0.6291065114,0.5690547697,2.958120581,1.0390199709999999,0.6041557084,1.036416602,0.5690547697,2,1.7685,2,1.092215331,1.105041162,1.091400973,0.4873356077,0.728905749,0.1908926729,-22.8460726341939,0.31829,47125074294.55591,0.18742999999999999,27750330437.7411,48750432101.7434,48750432101.7434,7.433,1.0,0.3696,2.0,-1.0,22.4393914668958,20.8059826181988,20.0649050159112,19.7094107206631,19.390904497385602,22.376383143597103,20.3409732302544,18.9408287730108,18.695739677874602,21.1130868094189,19.008760619506102,-21.0750949840888,2.37448645098465,10.43,-6.05,-16.49,8.2,649.7004800693969,991.642453614642,1618.0201571098,602.811853874251,19.075671693794998,19.202441603915,19.3640576607073,21.174917513761198,49.4203992569,57.0123296152005,5.9637851265474575,5.9508111001057005,-1,10.600653086603772,10.800553217191027,6.907088484261214,7.0898141842902085,/Volumes/My Passport/TPAGB/outcome/plot/CN/20200712/CN_cosmos_24_11319_2D_EW.pdf,6.44,1.1339722361104998,1.1339722361104998
38,11577,24,cosmos,2.651430458,0.3490217851,1.309420036,0.6329290129999999,1.20859815,0.5471362057,3.8868115139999997,1.127061991,4.8864289030000005,0.5740334872,4.317746007,0.31293713370000004,3.3364750219999997,1.116690205,0.3183963951,0.05595350303,1.3990277519999998,0.6585528983,0.6159027149,0.3221671357,1.562122351,0.5361132509000001,0.5810252018,0.31413086100000004,5.713423271,1.449109618,4.679798695,0.7215798511,13.40287086,0.5535927885,1.24347263,1.19775154,0.9741028916,1.737810911,1.221612848,2.8425654519999997,0.9741028916,3,3.8868,1,1.101741247,1.113750225,1.20859815,0.5361132509000001,0.5471362057,0.31413086100000004,-22.422683337382196,0.36965,37056469951.6482,0.31651999999999997,31730322924.6468,31730322924.6468,31730322924.6468,11.819,1.0,0.2199,1.0,0.2199,21.4370655271484,19.8864676039713,19.1908335079962,18.859445623729698,18.5814811735418,21.3637529739194,19.4552575362068,18.184645549920603,17.9688881649836,20.1702345678156,18.2560570943178,-20.7791664920038,2.24623201915221,10.16,-0.74,-10.9,8.4,730.377893657045,1607.4092258092899,2518.9281932919102,1453.17687016859,18.1974782581159,18.259138520395698,18.400479235673497,19.7711711271505,70.0591704412136,93.44863328863208,3.75042615287909,3.7358305820986955,-1,4.439238482262897,4.5251161433621405,1.0872308254405278,1.1587324079121886,/Volumes/My Passport/TPAGB/outcome/plot/CN/20200712/CN_cosmos_24_11577_2D_EW.pdf,7.85,0.7324463808048064,0.7324463808048064
39,12923,24,cosmos,2.236409798,0.42454256189999995,0.9904786406,0.8206655892,2.3500055619999998,0.4263733182,3.110420145,0.7908808191,2.619763449,0.3812767343,2.93542987,0.436306839,2.578007464,1.06592126,0.41319790840000004,0.08393895863,0.957704625,0.4857262998,0.8713131542,0.2882516459,2.567291401,1.119159428,0.37863805759999997,0.282741745,3.0543562939999997,0.9660230343,3.428173451,0.456821209,3.0364703160000004,0.48434101890000003,0.9469316070999999,0.6740331001000001,0.7591914299,1.01199608,0.8637658790999999,0.7996410205,0.6740331001000001,2,2.6198,2,1.0544623290000001,1.068404277,0.9904786406,0.4857262998,0.8206655892,0.2882516459,-22.516834009552397,0.41778999999999994,45676376548.1717,0.18742999999999999,20491450863.8881,35998385181.3011,35998385181.3011,6.163,1.0,0.3952,2.0,-1.0,23.0462093314576,21.4251269959468,20.6769604187506,20.3170008576807,19.9972782165371,22.975823002460498,20.964244277244198,19.5117317991895,19.2439507907723,21.7281995580851,19.5929246029476,-20.6130395812494,2.36924891270698,10.21,-2.28,-12.49,8.4,527.167738310756,646.255347690327,1002.50510215747,357.92168120101195,19.6732394789475,19.8050431233711,19.990845771521897,21.8594501953837,33.936464029968704,33.6633710047101,5.9596325278898,5.956832092571894,-1,11.485350841140395,11.710929036564922,7.606577941074455,7.814788353765123,/Volumes/My Passport/TPAGB/outcome/plot/CN/20200712/CN_cosmos_24_12923_2D_EW.pdf,8.15,1.9278058044526134,1.9278058044526134
40,19842,25,cosmos,2.227574007,0.3048923585,1.052061661,0.6612775769,1.139101977,0.5804933226,2.522036832,0.7020241831999999,2.399259156,0.253551397,3.7702261389999996,0.3199202356,2.5438383890000003,1.0286594009999999,0.3041165322,0.05238602783,1.082348247,0.454606991,0.6608208913,0.1719731796,0.9319815858,0.5582569108,1.03993268,0.41631258479999994,3.1389209510000002,0.889867375,2.4357888880000003,0.2670500168,15.58161583,0.7894416815,0.7941496206,0.5758284685,0.8708165858,0.9953913972,0.5887753149,3.3678989180000003,0.5758284685,2,2.3993,2,1.075668555,1.0860448679999999,1.052061661,0.454606991,0.6612775769,0.1719731796,-21.9925609805437,0.31829,21470758468.2385,0.18742999999999999,12643388921.1158,22211291303.9951,22211291303.9951,8.808,1.0,0.2311,3.0,-1.0,21.912208295008696,20.348484280679102,19.6639674905241,19.3200360666112,19.03128962362,21.8373183494845,19.9179395593552,18.6334274493207,18.439116827727698,20.633182981449302,18.7356196393563,-20.416032509475897,2.24824080448454,9.96,-29.11,-39.07,7.2,836.366528885347,1432.76395475974,2117.05321867778,943.754581886763,18.6394211088533,18.7273867144068,18.854878823904,20.257111966978897,88.15390786511641,79.4858204519546,5.970664577955496,5.96040739286046,-1,11.006968499429034,11.190106733649186,5.389026061493078,5.558073221334268,/Volumes/My Passport/TPAGB/outcome/plot/CN/20200712/CN_cosmos_25_19842_2D_EW.pdf,11.13,0.9040291700581824,0.9040291700581824
41,20236,25,cosmos,2.30917521,0.43492885840000006,1.160445096,0.7664163626,2.549996814,0.4114974823,2.280601877,1.175160786,2.165348437,0.6353249854,3.068497085,0.8926010494,2.7015823389999998,1.124539555,0.4267587809,0.06002046022000001,1.353884136,0.5098116074,0.7311450034999999,0.16118301029999998,2.456179915,1.214350462,0.4223094086,0.267154223,3.288570395,1.49505027,1.88081423,0.9130380175,3.079087825,0.8916863389,0.9524453704000001,0.6959655412000001,0.9829023216,1.286887918,0.7611468104000001,0.9845621105,0.6959655412000001,2,1.8808,2,1.059384841,1.073790507,1.160445096,0.5098116074,0.7664163626,0.16118301029999998,-21.9424966288283,0.36965,23811642965.3624,0.18742999999999999,12073627055.3169,21210361343.3552,21210361343.3552,12.59,1.0,0.2254,3.0,-1.0,22.0739496367715,20.5930392207893,19.8512618544214,19.4948218511035,19.1950154582622,22.004230345556504,20.1455582535555,18.7740361588775,18.5565520240665,20.8768965794414,18.8379939677717,-20.178738145578603,2.2226877823501,10.09,-0.63,-10.72,8.8,578.458128112787,855.052055415047,1267.4618064728102,624.6179437776,18.770280719896,18.869997697609104,18.9887320272253,20.5080016724115,64.0614275343542,69.32627715910711,5.1444255636013825,5.126368915685825,-1,9.917045723011302,10.125018132684033,2.270359055328036,2.4413084567167505,/Volumes/My Passport/TPAGB/outcome/plot/CN/20200712/CN_cosmos_25_20236_2D_EW.pdf,7.95,1.0661746615519514,1.0661746615519514
42,12115,26,cosmos,1.317585814,0.5274795529999999,0.973286042,0.9212408763,1.8000436219999998,0.6805100423,1.6343485759999998,0.5799632181000001,1.095401627,0.8094820225,1.242176549,0.7295165268000001,1.6256687440000002,0.5918858472999999,0.5354905079,0.08106006012,1.14499506,0.4273031411,0.875891966,0.1841163617,2.087494552,0.8933978395000001,0.5839373636999999,0.3862067214,1.717458207,0.9182022304,1.083983691,0.900859689,1.269064044,0.7767870445999999,0.5688510673,0.5637323122,0.5575551524,0.7316666621,0.6011412853,0.5832749488000001,0.5575551524,3,1.084,2,1.093504394,1.111783765,1.8000436219999998,0.8933978395000001,0.6805100423,0.3862067214,-22.495903516049598,0.41778999999999994,44804274273.9064,0.18742999999999999,20100206149.4011,35311065477.7913,35311065477.7913,9.087,1.0,0.3607,1.0,0.3607,22.9963758110922,21.444699582128,20.651983203182798,20.2636325070218,19.946871658230897,22.9190838342385,20.9659054119842,19.4499914346077,19.186308336460304,21.739845943525,19.5148872351504,-20.4380167968173,2.3443926079094504,10.2,-0.89,-11.09,8.6,377.21947880783097,511.89924619658996,791.632436186031,255.67876810752102,19.5838322060231,19.719421161486302,19.9065951334394,21.859296126991897,35.4583866062235,39.384181579354504,2.725198355561365,2.749274570386951,-1,11.45980624909666,11.710929036564922,5.571276494521075,5.802508117470154,/Volumes/My Passport/TPAGB/outcome/plot/CN/20200712/CN_cosmos_26_12115_2D_EW.pdf,6.18,1.7999439605773668,1.7999439605773668
43,16320,27,cosmos,2.391674428,0.3816691292,1.207674072,0.6994673851000001,1.278100878,0.7576464733,2.587673244,1.155310505,2.481940396,0.6499037096,2.8641382269999998,0.7436152688,2.770664258,1.179931313,0.3709203686,0.056843603279999995,1.35125304,0.6075492446999999,0.6695816568999999,0.3053569028,1.406171094,0.6220100129999999,0.6619837985,0.3879764971,4.7168929330000005,1.4172549909999999,2.3258475069999998,0.8425933081999999,24.34651967,1.0025025509999999,1.003462778,0.7637617912000001,0.878613106,1.5304960719999998,0.817012596,5.162216126000001,0.7637617912000001,2,2.3258,2,1.0939173359999999,1.106917051,1.207674072,0.6075492446999999,0.6994673851000001,0.3053569028,-22.1225058774508,0.36965,28105612971.7017,0.31651999999999997,24065977594.4895,34103031999.4802,34103031999.4802,9.799,1.0,0.2204,3.0,-1.0,21.7644739396452,20.1998900580472,19.482187016794697,19.147007419632896,18.8654623804547,21.693118677413,19.7643463931987,18.471568105455898,18.2596225258505,20.4876403245414,18.545563762149197,-20.4978129832053,2.28228692285046,10.15,-0.95,-11.09,8.6,944.923165782274,1848.3404626636802,2331.3134955259,1157.9339616495101,18.4680954408493,18.5663730541603,18.6751459823758,20.058786085140103,61.041408762779795,79.89812036186771,5.64119769683381,5.679018781797309,-1,9.478906250205267,9.668815882432728,3.107498803060199,3.264205550173508,/Volumes/My Passport/TPAGB/outcome/plot/CN/20200712/CN_cosmos_27_16320_2D_EW.pdf,9.21,0.9039162551877714,0.9039162551877714
44,18177,27,cosmos,1.158003686,0.408071358,0.9758677023000001,0.8473126363,2.1000025030000002,0.48814474020000004,3.4765273060000004,0.5577830146,1.94439189,1.364553055,2.089754015,1.472091552,1.182757834,0.654795461,0.48750599270000006,0.2844266384,1.0829206,0.4294967331,0.8263809578,0.1696044279,2.097456136,0.986348727,0.5084727471,0.34393949420000003,12.83411548,0.7550012467,1.814640112,1.476058481,2.52552756,1.4511448059999998,0.9169371999,0.96929209,1.0441519590000001,2.8194685639999997,0.992452048,1.119684597,0.9169371999,1,1.8146,2,1.074091868,1.087683631,1.158003686,0.654795461,0.408071358,0.2844266384,-23.640155668141603,0.31829,97923124302.2251,0.18742999999999999,57663549555.3302,101300521939.712,101300521939.712,14.273,1.0,0.3482,1.0,0.3482,21.446093003622398,19.9765852541344,19.226504860231,18.8631088293068,18.5568709808905,21.3781260183896,19.52810051762,18.103859565492,17.864663200399,20.259361185503,18.191186377258397,-21.783495139769002,2.2195881433914,10.71,0.0,-10.72,8.8,753.285648829049,1163.82277968438,1831.55677689859,596.7174039068769,18.2161789332377,18.3366792153831,18.4884465410727,20.2651554270734,62.8128858566899,85.8872181481735,0.4577202589713102,0.446575679149827,-1,11.47853815917141,11.710929036564922,2.5874578481998283,2.7762810076009776,/Volumes/My Passport/TPAGB/outcome/plot/CN/20200712/CN_cosmos_27_18177_2D_EW.pdf,8.98,0.8602081496194395,0.8602081496194395
45,18192,27,cosmos,1.500000173,0.5859402553,0.9944590776000001,0.6983296337999999,1.750001725,0.6471439926,36.71646593,2.7724439610000005,1.442106696,0.44044390450000004,5.756717547,0.9667564714,1.391443253,0.8933675343999999,0.3611497896,0.44991043299999994,1.113096734,0.5010321599,0.6857981345,0.2794892525,1.828116801,0.8408678782,0.5034568604999999,0.37306968420000003,2.640765486,0.3798411414,1.43992339,0.5154420774,2.605601604,0.7842070774,8.331684911,0.4710198089,1.537044476,0.6774886188,0.5031189245000001,0.8460145123999999,0.4710198089,2,1.4399,2,1.078416585,1.098219974,0.9944590776000001,0.5010321599,0.6983296337999999,0.2794892525,-21.4217430233527,0.41778999999999994,16659242501.0838,0.18742999999999999,7473711247.225,13129452765.3753,13129452765.3753,11.47,1.0,0.2135,2.0,-1.0,22.366045934985298,20.865326876783303,20.135667694853197,19.8165565554451,19.5383423884258,22.2937546537356,20.4247912107594,19.128566159622103,18.905587930666698,21.1531918796918,19.1804485652473,-19.774332305146803,2.23037824013206,9.84,-0.7,-10.54,8.6,475.85186916291906,643.060644198078,1028.81468980675,590.3084909244931,19.1166152048684,19.2095932669676,19.3387582398718,20.708718735288898,41.08902334091739,47.62825036784329,1.9919594344357525,1.9826844095396876,-1,11.517041439842645,11.710929036564922,3.6087195125635785,3.7651759582207376,/Volumes/My Passport/TPAGB/outcome/plot/CN/20200712/CN_cosmos_27_18192_2D_EW.pdf,6.57,1.5231197969327412,1.5231197969327412
46,18990,27,cosmos,1.244463297,0.2388703121,0.9967036856999999,0.6538902054,1.609001594,0.5050215197,2.7938256089999998,0.37756563460000003,1.266686698,0.7346505487,2.006470437,0.9257323101999999,1.410355824,0.5674840438000001,0.2613973145,0.07069937391,0.9069684228,0.5376639367,0.7134812673,0.3885800902,1.6426931930000002,0.7863962987,0.4830035496,0.3953154075,3.139637277,0.6312245551,1.282524679,0.6593802605,2.36206568,0.9309772292,0.7062222545,0.5645407801,0.7910509708,0.8833696831,0.5349750547,0.8623730570999999,0.5349750547,2,1.2667,2,1.099241937,1.107384671,0.9069684228,0.5376639367,0.7134812673,0.3885800902,-22.571155503548198,0.41778999999999994,48019788416.1566,0.18742999999999999,21542758186.7451,37845270802.2125,37845270802.2125,6.684,1.0,0.3493,1.0,0.3493,22.1927490583665,20.6727275158211,19.9819111561351,19.661778690038602,19.393919761099397,22.125513224361,20.241660408393198,18.9697646482627,18.7649337151487,20.9530551623997,19.102841509451803,-21.038088843864898,2.21083790223136,10.32,-2.18,-12.49,8.4,575.8845586231109,1121.3138684577,1654.97284047347,659.6542630374109,19.0745433418249,19.1912164412847,19.3671446477848,20.9505712740087,42.849226705935,51.851275404671796,5.778982007644358,5.7622384195477405,-1,11.52872146299963,11.710929036564922,7.290533531065589,7.450713539515574,/Volumes/My Passport/TPAGB/outcome/plot/CN/20200712/CN_cosmos_27_18990_2D_EW.pdf,5.52,1.211153672086634,1.211153672086634
47,12893,22,goodsn,1.2183843559999998,0.3252806601,0.8383217883,0.8519683304000001,3.62501112,0.178832335,4.925759182,0.5026649163,1.795266091,1.7124139319999998,3.7614788339999996,3.3247777789999997,1.534550813,0.5482377754,0.3697469114,0.06008912601,0.7820994687,0.43279276409999995,0.8804261140999999,0.39914672840000004,3.1952437710000003,1.485597447,0.1871901388,0.1447759428,5.967837434,1.899802727,2.090624832,1.6167361969999998,3.652132257,3.264435031,1.17443941,1.0911859609999999,2.172178593,1.9826553919999998,1.107046395,2.1247785340000003,1.0911859609999999,2,1.7953,2,1.080803618,1.092078561,0.8383217883,0.43279276409999995,0.8519683304000001,0.39914672840000004,-21.958605651615702,0.34973,22865207584.7607,0.15107,9876896205.157671,18852265423.3531,18852265423.3531,5.153,1.0,0.3198,1.0,0.3198,23.077770507090996,21.555887609764902,20.828175813163302,20.4795873950085,20.2018731766025,23.0151906881414,21.099659315535103,19.7796863680323,19.5321151155365,21.8479320850552,19.832146104884302,-19.9918241868368,2.24959469392777,10.01,-1.27,-11.28,8.8,587.512840277496,1056.15594485928,1572.7586431051902,787.274948369248,19.8402333637498,19.9682128848794,20.0912534894236,21.736415359838702,63.463137748981,62.4873737325831,6.113483341798933,6.093021211563342,-1,13.272277261237575,13.506652529639256,8.631026739727362,8.847419494831884,/Volumes/My Passport/TPAGB/outcome/plot/CN/20200712/CN_goodsn_22_12893_2D_EW.pdf,7.47,1.073455542134978,1.073455542134978
48,31165,9,goodss,2.5020885059999998,0.4144430363,1.167369075,0.7389430676000001,2.9999987760000004,0.2403168984,8.309982525,3.507560189,9.914420226,1.8956483919999998,7.6595153179999995,2.5238928,3.3856559689999997,1.01954664,0.38766370170000003,0.04780962077,1.3414067140000001,0.594257658,0.7017214417000001,0.29552977690000004,2.8951756189999998,1.415213836,0.2412383907,0.1915471211,8.694212493,4.935817544,9.443958766,2.439702287,9.905877321,2.375432294,3.134647031,2.747180614,2.5817740330000003,3.828620514,2.891758578,2.953580732,2.5817740330000003,3,7.6595,3,1.092307865,1.111613699,2.9999987760000004,1.415213836,0.2403168984,0.1915471211,-22.853918222585502,0.71732,106974491029.657,0.63498,94695062613.6335,94695062613.6335,94695062613.6335,14.145,1.0,0.296,1.0,0.296,21.2902048449675,19.6772582956972,18.9610184723155,18.6362250317634,18.36970580519,21.226869329036397,19.2251797239127,17.9587504735191,17.7158202774105,19.9736671058602,18.015616556714498,-21.678981527684602,2.32918637265207,10.69,-4.31,-15.0,8.4,808.98820828021,1685.66320236811,2229.53401052931,2008.87924881033,17.988463912055302,18.1070166010037,18.230421415553103,19.8184337582587,47.8264249412255,140.73332432683202,3.5180650255050523,3.5222043986850675,-1,1.6600887761812955,1.7106406482112675,0.9253035128266716,0.9812185370156947,/Volumes/My Passport/TPAGB/outcome/plot/CN/20200712/CN_goodss_9_31165_2D_EW.pdf,9.12,0.5171576072991304,0.5171576072991304
49,13531,10,goodss,1.363941909,0.08791350460000001,0.9997107856999999,0.4716558943,1.43396712,0.4460617827,2.491513538,0.5700848875,3.185221462,0.7203681126,2.954974951,0.7478714721999999,1.765089453,0.521131506,0.09655343625,0.058100795079999996,1.213749557,0.437565366,0.41526454020000003,0.2050508128,1.62423627,0.6045967041,0.2982870328,0.3345874757,2.219522048,1.397841745,2.773565792,1.0975334840000002,3.1130915760000004,0.7396118862000001,0.7310071144,0.9308782048,0.8980970131,1.0371511070000001,1.014503335,0.9252174899,0.7310071144,1,2.2195,1,1.155246083,1.1759974290000001,1.363941909,0.521131506,0.08791350460000001,0.058100795079999996,-22.3340468646882,0.41778999999999994,38599065167.4965,0.18742999999999999,17316409642.0304,30420627040.5943,30420627040.5943,11.633,1.0,0.415,1.0,0.415,22.4187452183359,20.965754775138603,20.3114569026579,20.0126494842,19.7574036371178,22.3372930652632,20.5614144524475,19.4241076415104,19.206790427774898,21.221779239666898,19.5269200945118,-21.088543097342104,2.10728831567792,10.23,-0.67,-10.9,8.4,414.177267550866,508.754801993657,877.736179889907,531.575599048088,19.522092271614,19.6319478309851,19.7673647174457,21.466284494013397,27.0929366204072,34.1906286392205,2.31549925464991,2.310967775072724,-1,14.426595761311088,14.456278771636388,4.792527201348669,4.81468250567744,/Volumes/My Passport/TPAGB/outcome/plot/CN/20200712/CN_goodss_10_13531_2D_EW.pdf,6.23,2.0589320060200254,2.0589320060200254
50,40504,11,goodss,2.042385671,0.1555689442,0.9999834048999999,0.5611115743999999,2.199988494,0.1867861837,8.82438032,1.7187875609999999,4.443003135,0.4121066152,6.089637113999999,0.6912914076000001,2.12537195,0.8594528126000001,0.1658199091,0.040997640319999994,0.9857175198,0.4140729165,0.5684524848,0.2964071835,2.052649798,0.5112564011999999,0.2261062838,0.1417776967,8.50436677,1.937672417,4.573977214,0.4216403824,6.827695662000001,0.6789304209999999,2.458826443,1.041429643,1.4822332569999999,2.4916076019999998,1.070995834,1.6201852380000001,1.041429643,2,4.443,2,1.119043161,1.138890586,0.9999834048999999,0.4140729165,0.5611115743999999,0.2964071835,-23.5550402691099,0.41778999999999994,118843148326.103,0.18742999999999999,53315711938.4415,93662452079.3516,93662452079.3516,9.258,1.0,0.4204,1.0,0.4204,21.5238722221583,19.987370625015,19.2943002773779,18.9869372770434,18.726529918327,21.4535839290642,19.554493548967898,18.345319273766602,18.143244110572898,20.2694559115878,18.425986766590103,-22.135699722622103,2.2295719447803997,10.71,-0.9,-11.61,8.4,765.478325114088,1592.7206853722,2325.78698485706,1634.30676649461,18.4522887511638,18.6005426620227,18.748905915112697,20.4852804512876,55.0134766775075,103.818876554725,1.1101953863174283,1.1435579168212757,-1,11.553395239736087,11.710929036564922,5.702856932367932,5.847745076773593,/Volumes/My Passport/TPAGB/outcome/plot/CN/20200712/CN_goodss_11_40504_2D_EW.pdf,5.94,0.7275993781293391,0.7275993781293391
51,12009,19,goodss,2.653457585,0.5736645134,1.4014613269999998,0.8408615294,3.6250116930000003,0.3928541465,4.756131433999999,2.53661274,6.699739866,1.51542699,10.69717888,2.028540025,3.1117776139999997,1.646469838,0.5559512856000001,0.2647755706,1.6279751409999998,0.6120363227000001,0.7934400451000001,0.3336749809,2.622901141,1.655670461,0.5183313058,0.22348151260000002,11.59839142,3.125259338,6.090433735,2.003639534,9.092365029,1.296196884,2.0235261909999998,1.9580873140000001,2.9568012219999997,3.6073877519999997,2.05148947,2.327605294,1.9580873140000001,2,4.7561,1,1.112865954,1.132959222,1.4014613269999998,0.6120363227000001,0.8408615294,0.3336749809,-22.8413037451082,0.52775,77794651573.3821,0.31651999999999997,46657627884.428,66116847758.008,66116847758.008,12.84,1.0,0.21899999999999997,2.0,-1.0,21.3826944813363,19.7203824851939,18.9467142483439,18.5808581161785,18.3004744137701,21.3227615417995,19.2397111789479,17.894371129532498,17.6609157332126,20.0408271795385,17.9102553945918,-21.013285751656102,2.43598023299236,10.6,-18.86,-29.46,8.0,1303.41637867259,1931.9438526799302,3179.2274540409303,2364.9037211427,17.8425628773552,17.952007619289102,18.079134458800603,19.6773422600917,112.981659185274,138.580802147002,-0.2280077056073504,-0.22260308481690302,-1,4.368273196157286,4.506202266282592,0.8905501957382378,1.0071455275024774,/Volumes/My Passport/TPAGB/outcome/plot/CN/20200712/CN_goodss_19_12009_2D_EW.pdf,7.9,0.5135483856140246,0.5135483856140246
52,42037,23,goodss,2.056693135,0.4783828452,1.033470423,0.8698080584000001,1.80000281,0.6274857506,8.085166872,5.671250907,4.817307004,3.037452155,5.650977462,3.3373254660000002,1.8599306009999999,0.9594935483,0.48655277280000003,0.046035676569999996,1.100498966,0.3863387996,0.8538426081999999,0.1584301297,1.758231934,0.6952427123,0.6688114467,0.3086356045,9.116512488,4.78645134,4.2811330210000005,3.3476482360000004,11.16968786,2.994197759,4.029280895,2.252594629,2.544512852,3.8458476580000003,2.2830001230000003,3.4673093130000003,2.252594629,2,4.2811,2,1.0981662909999999,1.117996527,1.033470423,0.3863387996,0.8698080584000001,0.1584301297,-24.2438626690071,0.55827,299494849573.141,0.39832,213686546799.888,213686546799.888,213686546799.888,11.073,1.0,0.4187,1.0,0.4187,21.071036511346396,19.5460412379146,18.7784152467314,18.431457331137,18.1263491238666,20.994567766958397,19.087113379244002,17.7142942002697,17.4733916135945,19.8349123607316,17.8035763165929,-22.6415847532686,2.2926212646149997,11.01,-0.08,-11.09,8.6,1758.83821614022,1916.4827799048498,2999.79063654527,1691.5992254884698,17.8652111028198,18.0064954285515,18.174012450145103,20.0431943327321,57.8777091686109,142.359716377814,1.6764670060527664,1.6826432871380088,-1,11.138148518530434,11.375396713778786,3.7353497283239774,3.942082813035982,/Volumes/My Passport/TPAGB/outcome/plot/CN/20200712/CN_goodss_23_42037_2D_EW.pdf,11.61,0.5004089457844737,0.5004089457844737
53,37586,29,goodss,2.344329944,0.35349293740000004,1.018791618,0.7339065775,3.125000855,0.2996625734,4.9578832969999995,2.03951408,3.20966437,0.529568186,58.96518956,2.9465517410000004,2.804435825,0.9572736629,0.346692901,0.042864497530000004,1.027589582,0.48180203130000004,0.7337671852,0.3741223957,2.716174905,1.430224861,0.2650107948,0.2170163272,6.337913897000001,2.9321361560000003,3.207417383,0.5378057525,9.374507517,0.9881185127,1.8471338080000002,0.8528837558,12.7273275,2.502187679,0.8560196794,2.248791643,0.8528837558,2,3.2074,2,1.096957078,1.116661507,1.018791618,0.48180203130000004,0.7339065775,0.3741223957,-23.310867171490997,0.31829,72305255121.1653,0.18742999999999999,42578070210.6884,74799084842.8394,74799084842.8394,6.139,1.0,0.3875,2.0,-1.0,21.9526508041638,20.3478633516883,19.6053385557914,19.270008133169803,18.9890019878852,21.881736593378896,19.893482473889,18.5648928781013,18.336460321376602,20.6460377776886,18.654191023509,-21.6446614442086,2.34731224837236,10.62,-1.16,-11.78,8.6,1772.81604309138,1751.39694548457,2827.7101261514504,1577.0678485864898,18.6850915364722,18.8180699407845,18.972843306850802,20.7663397848453,42.964475048446,110.06854789516399,6.820203869543688,6.8357397432073705,-1,11.319473896401522,11.522238319831475,7.741376809709523,7.940448751560933,/Volumes/My Passport/TPAGB/outcome/plot/CN/20200712/CN_goodss_29_37586_2D_EW.pdf,6.14,0.6413690039186097,0.6413690039186097
54,24951,2,uds,2.250806376,0.7776404412000001,1.3437805930000002,1.074866077,2.350004593,0.7685563959999999,8.187389968,3.11747409,4.772257521,2.352109844,4.825031372,2.1460380519999998,2.60260454,0.9821063051000001,0.7773470719,0.03826829391,0.9718348642,0.85827101,1.1757129259999999,0.5972282511,2.640149567,1.0290823279999999,0.721883299,0.2087094162,8.596622325,3.608630765,11.34950632,1.463917144,6.400305593,2.645992859,2.94168129,1.9466475419999998,1.8675315819999998,3.2341346360000003,2.838617273,2.390216145,1.8675315819999998,3,4.7723,2,1.092701546,1.119242799,2.350004593,1.0290823279999999,0.7685563959999999,0.2087094162,-23.6562222937745,0.57182,178545232710.008,0.39832,124371545404.236,124371545404.236,124371545404.236,11.169,1.0,0.325,1.0,0.325,21.6994524780925,20.0316321777193,19.229854172173397,18.843529631756102,18.4838020553699,21.6384348459432,19.555646663179502,18.010850781743898,17.7189346692517,20.342738932314,18.028728852825502,-21.6201458278266,2.46959830591912,10.73,-4.09,-14.83,8.2,942.145349703661,1341.34791193167,2033.09267185832,899.827994597777,18.1002829999029,18.2162882525506,18.387097657349397,20.270417930049398,56.991332818282395,119.589421558967,1.1836818462218104,1.1885112176504733,-1,8.101899521501483,8.380151121359143,2.940810395443906,3.194764411849604,/Volumes/My Passport/TPAGB/outcome/plot/CN/20200712/CN_uds_2_24951_2D_EW.pdf,9.08,0.6373817057196226,0.6373817057196226
55,13976,14,uds,1.272818819,0.46740289409999997,1.02173767,0.8693289888,3.2498914539999997,0.2965509789,5.768955559,0.7620489431999999,3.525222836,1.240823595,3.8298803230000003,3.25863395,1.6962234280000001,0.5594187159,0.4975213321,0.05519840962,1.219768403,0.4451928342,0.8192158356999999,0.17509682010000002,3.178641902,1.5494617080000002,0.3075827505,0.2086837034,4.819114007,2.084462334,2.7536216380000003,1.796449729,3.800882548,3.279105673,1.450649094,1.222594109,2.156777075,1.839680186,1.313716653,2.160024029,1.222594109,2,2.7536,2,1.101481152,1.117576304,1.02173767,0.4451928342,0.8693289888,0.17509682010000002,-22.827355468678302,0.31829,46319640675.1395,0.18742999999999999,27276038366.714,47917218837.6031,47917218837.6031,6.097,1.0,0.3499,1.0,0.3499,22.3798962279304,20.841122224126803,20.102364305524002,19.7381081137342,19.4327272875863,22.3171252150234,20.3838201060727,18.986446257403397,18.7201045329688,21.1210151858431,19.048779959421697,-20.917635694475997,2.27753192240634,10.37,-1.41,-11.78,8.6,862.821781813358,835.773641116779,1336.0173814274299,858.254909689536,19.076316668631602,19.190923735119604,19.369159052024397,21.0790357872303,39.1062263345684,74.0797232480807,2.6532867843318244,2.691372591892718,-1,11.255297201242149,11.49272834799643,7.37119689108458,7.587781220703764,/Volumes/My Passport/TPAGB/outcome/plot/CN/20200712/CN_uds_14_13976_2D_EW.pdf,5.94,0.88731567524504,0.88731567524504
56,14700,14,uds,1.4050675,0.5818219008,1.249969831,0.8953267768000001,1.6900006580000002,0.8047890206,7.560871324,0.7731052488,6.59961238,1.469550036,7.874031116,1.3838240259999999,1.906736886,0.4877397272,0.5758259705,0.0379829219,1.627548503,0.5093824565999999,0.7901654270999999,0.1634136944,1.3251256679999999,0.7328981767,0.8968954074,0.39819648700000004,5.96818969,2.305102,5.090170108,2.846928328,20.62393638,1.222410347,1.803388485,1.918750481,2.12903523,2.158482365,2.222956842,4.534747731,1.803388485,1,5.0902,2,1.137832493,1.157546277,1.4050675,0.4877397272,0.5818219008,0.0379829219,-23.9869131901894,0.36965,156515007587.037,0.31651999999999997,134019018534.963,189913534976.585,189913534976.585,9.378,1.0,0.4461,1.0,0.44611999999999996,21.852323991228598,20.2932149050701,19.5158530350589,19.137988110612604,18.791391946567,21.7850777347992,19.8258667510669,18.351669215936898,18.0726270875907,20.5947860039599,18.4623538366106,-22.0541469649411,2.33647095616962,10.81,-0.8,-11.61,8.4,677.951881166611,997.071858022456,1599.19607167854,706.412294015612,18.5307624798732,18.658242804305,18.851907634266396,20.8523110420968,45.108110842887,92.5233605333128,1.9565129743958085,1.9582214578116297,-1,9.026307279687495,9.264257144530319,4.028461327565636,4.221532037660997,/Volumes/My Passport/TPAGB/outcome/plot/CN/20200712/CN_uds_14_14700_2D_EW.pdf,6.75,0.7902877296197676,0.7902877296197676
57,30019,19,uds,1.241653665,0.6194662052000001,1.0291369000000001,1.0348027229999999,3.3750012560000004,0.4098575947,8.060112193,0.8462666906,6.3499738720000005,2.091902079,9.118821577,4.945374234,1.548695685,0.5097367755,0.6489458285,0.05091605595,1.155276172,0.6179468734,0.997597792,0.5776310574,2.9743936730000002,1.615020098,0.4857868581,0.2198760688,9.4036821,2.740495357,5.480400382000001,2.617390374,9.258999351,4.705241625,1.932055017,2.140160784,3.915213151,3.014377185,2.199190268,3.838298308,1.932055017,1,5.4804,2,1.103393904,1.124745767,1.241653665,0.5097367755,0.6194662052000001,0.05091605595,-24.2339799600129,0.31829,169205695823.407,0.18742999999999999,99639396676.5568,175041650521.498,175041650521.498,9.166,1.0,0.4355,2.0,-1.0,21.734940524822,20.172100592369798,19.396320581123103,19.021819569025396,18.6827244849969,21.6721760847416,19.7316951955918,18.218918749796604,17.9166333107338,20.4689834826728,18.2879718429871,-22.113679418876902,2.33861994369892,10.87,-0.91,-11.78,8.6,889.996839847037,1163.5671014285,1658.1442694736,697.051057982962,18.3757259337305,18.5232465152307,18.7410750511918,20.7368083951082,50.4359513260277,98.73641870813151,2.057613240506743,2.019987441650854,-1,11.140190889285806,11.418697598082645,5.233996581530379,5.476511081485001,/Volumes/My Passport/TPAGB/outcome/plot/CN/20200712/CN_uds_19_30019_2D_EW.pdf,7.09,0.6724160080092733,0.6724160080092733
58,31083,19,uds,1.274239041,0.07950587985,0.9932520005,0.4951055071,1.233874417,0.3521605082,6.169684948,0.7626507932,4.884266512,1.4283293609999999,6.086840717,1.010547678,1.74804059,0.5180477707,0.1015907299,0.04532559087,1.074447368,0.4387258235,0.4759325599,0.2260081738,1.446137351,0.5029794178,0.3602179635,0.2925777349,4.53921598,2.720606386,4.476175327,1.702608243,4.618586004,2.335203244,1.5287216190000001,1.5677982119999998,1.620136178,2.061195778,1.607498611,1.909476842,1.5287216190000001,1,4.4762,2,1.0821025690000001,1.084764122,1.274239041,0.5180477707,0.07950587985,0.04532559087,-22.9581775364574,0.41778999999999994,68584986155.9088,0.18742999999999999,30768768891.5531,54053078109.0041,54053078109.0041,6.995,1.0,0.43,1.0,0.43,21.8682253498995,20.4327569040308,19.8101750163848,19.540224665489898,19.267549924144898,21.792521922790602,20.0813079101211,18.8932402155524,18.645013449664,20.6782047204527,19.014453223942603,-21.669824983615197,2.05805033351474,10.37,-99.0,-99.0,7.0,887.074483647635,868.792578728625,1251.7846481455902,755.477359296268,19.0271663952023,19.1392456490518,19.300488919644497,20.8857218401274,30.3161370144304,73.587312668428,2.3520230770815913,2.2891328874768315,-1,11.571186678311296,11.710929036564922,7.728746966742748,7.858688523572327,/Volumes/My Passport/TPAGB/outcome/plot/CN/20200712/CN_uds_19_31083_2D_EW.pdf,6.83,0.9636543421903324,0.9636543421903324
59,32850,20,uds,1.183358562,0.1790279111,0.9500037357,0.5831133719,1.6900005619999998,0.44878474630000004,2.1413272969999997,0.3732370327,2.479828206,0.9801734149,2.168243747,1.586865067,1.3943276080000002,0.49269656289999997,0.2142867168,0.1024679001,1.010175526,0.44730462270000004,0.6347610369,0.2697971711,1.610408021,0.7400142987,0.4360453237,0.3610679921,2.047540618,0.8824235378,2.133896035,1.252047493,2.326003032,1.524987844,0.5776464491,0.906573559,1.109164373,0.7802448559,0.9573008234,1.112964103,0.5776464491,1,2.0475,1,1.180207905,1.186779716,1.183358562,0.49269656289999997,0.1790279111,0.1024679001,-21.132097832855802,0.36965,11288333812.9734,0.18742999999999999,5723718129.488971,5723718129.488971,5723718129.488971,5.144,1.0,0.4288,1.0,0.4288,23.3864541523387,21.959169510023,21.3192427285625,20.9984198129026,20.6878077240234,23.305576683496,21.5886225116151,20.3228451111819,20.0723847174527,22.208015898319697,20.494831657244198,-20.1607572714375,2.06721142377621,9.96,-1.13,-11.09,8.6,220.808006334147,299.14091208330797,462.245180058905,246.634203287177,20.463418612460398,20.5549812036054,20.7275872888926,22.429675549223102,32.1633576888968,23.954998020026,-4.289326996174762,-4.334375710214424,-1,15.598819652278845,15.660293082692258,11.859301971648225,11.912792289520242,/Volumes/My Passport/TPAGB/outcome/plot/CN/20200712/CN_uds_20_32850_2D_EW.pdf,5.56,3.2339178807744564,3.2339178807744564
60,39073,23,uds,0.9978156541,0.1379494248,0.1594980951,1.7881306209999999,1.008094597,0.941837244,4.632275315,2.475717231,3.475687773,1.908813759,2.729986614,5.0419570039999995,1.121234094,0.4372212864,0.20963662379999998,0.09170977152999998,,,,,1.01979337,0.5506056029,0.7826782834999999,0.4322980575,5.236708366,2.648961737,,,11.41617225,6.828694721000001,1.97306904,1.502650482,2.7165459210000003,2.165562394,,5.178005121,1.502650482,2,2.73,3,1.149997875,1.154948316,0.1594980951,,1.7881306209999999,,-21.5852331032983,0.21495999999999998,9964394073.28245,0.29738,13784943754.7113,14917244120.437,14917244120.437,4.526,1.0,0.2693,2.0,-1.0,23.4576617575498,22.0621631033529,21.4656695839505,21.1471725237135,20.9083540722083,23.3753879836662,21.692896655499503,20.5514110376845,20.3410995751808,22.303404904075798,20.6313772547017,-18.9643304160495,1.9919921735993,9.19,-1.53,-10.72,8.2,355.87933380665,290.808878872169,476.46824757672493,404.38170847005205,20.5518978342932,20.6471812816228,20.772158140107397,22.0934116513053,23.6809342446906,24.5918178486264,-0.1502362498140121,,-1,4.887490797417699,5.086213825084804,4.570243673899332,4.781105262205727,/Volumes/My Passport/TPAGB/outcome/plot/CN/20200712/CN_uds_23_39073_2D_EW.pdf,8.26,,
61,12505,28,uds,1.180009807,0.32460789739999996,0.9980609128,0.7541325812,2.875023438,0.22509300780000002,2.9222902619999997,0.6036259965999999,1.891075951,1.1965898259999999,2.387337075,2.6797653980000002,1.337955725,0.5136918688000001,0.3565946763,0.08568433405999999,0.9571490264,0.5519137013000001,0.7971417037,0.3657257728,2.573418827,1.2614516820000001,0.30544470739999996,0.1930141552,2.6965123369999997,0.9727259920999999,2.846360474,1.347200907,2.7923786919999998,2.114967541,0.8291982273,0.8861020005,1.625644464,0.9454185626999999,1.1369068390000001,1.459367972,0.8291982273,1,1.8911,2,1.099481998,1.110498578,1.180009807,0.5136918688000001,0.32460789739999996,0.08568433405999999,-21.851458258442804,0.41778999999999994,24748070475.8309,0.18742999999999999,11102541586.1677,19504405576.992,19504405576.992,4.512,1.0,0.3336,1.0,0.3336,23.0878828387163,21.608339016185496,20.8970462307941,20.550352478591,20.262354322270898,23.016820014425303,21.169401141874,19.844908941189498,19.577821222470103,21.8783751403136,19.901018600757197,-20.0129537692059,2.19083660792221,10.01,-1.27,-11.28,8.8,301.254264054702,550.256394575762,544.219980302206,576.2156350421959,19.926371508659,20.0210925951366,20.1894238336245,21.7925246390727,32.6141115014039,42.0510890313739,8.489649448940229,8.516147073025463,-1,11.502501661859988,11.710929036564922,8.11393638936683,8.319308707153716,/Volumes/My Passport/TPAGB/outcome/plot/CN/20200712/CN_uds_28_12505_2D_EW.pdf,6.34,1.6583166568021044,1.6583166568021044
