,ID,region,field,M05_age_opt,M05_AV_opt,M13_age_opt,M13_AV_opt,BC_age_opt,BC_AV_opt,x2_spectra_M05_opt,x2_photo_M05_opt,x2_spectra_M13_opt,x2_photo_M13_opt,x2_spectra_BC_opt,x2_photo_BC_opt,M05_age_MCMC50,M05_age_std,M05_AV_MCMC50,M05_AV_std,M13_age_MCMC50,M13_age_std,M13_AV_MCMC50,M13_AV_std,BC_age_MCMC50,BC_age_std,BC_AV_MCMC50,BC_AV_std,x2_spectra_M05_MCMC50,x2_photo_M05_MCMC50,x2_spectra_M13_MCMC50,x2_photo_M13_MCMC50,x2_spectra_BC_MCMC50,x2_photo_BC_MCMC50,x2_M05_opt,x2_M13_opt,x2_BC_opt,x2_M05_MCMC50,x2_M13_MCMC50,x2_BC_MCMC50,min_chi2,min_2,alt_model,model,model_new,grism_index,grism_index_AV_corr,age_opt,age_opt_std,AV_opt,AV_opt_std,M_K,BC_ML,BC_mass,M05_ML,M05_mass,M13_mass,best_mass,radius,use_phot,z_best,z_type,z_spec,u,g,r,i,z,U,V,J,H,B,K,Mr,color,FAST_mass,SFR,sSFR,ltau,SNR_F160W,SNR_F140W,SNR_F125W,SNR_F606W,F160W_mag,F140W_mag,F125W_mag,F606W_mag,flux_ratio_AV_corr,flux_ratio_err_AV_corr,SNR1,SNR2
0,26380,1,aegis,2.830424557,0.426375052,1.129631475,0.7412847835000000,1.19096666,0.6287426666,14.87740364,2.21960226,14.01183406,1.057243771,14.44045434,0.889107822,3.716888937,1.189204191,0.3665548952,0.06967968357000000,0.9477732313,0.6345493255,0.8123427068000000,0.4969713658,0.9972282709,0.6148461357,1.01789013,0.4212491967,15.30776308,2.3588092080000000,14.67306162,0.9854060572,33.13435563,0.8015162528,3.851349744,3.1792196610000000,3.1895345180000000,3.995281965,3.2764608410000000,6.781434062000000,3.1792196610000000,3.1895345180000000,3,2,0,1.099384731,1.114271494,1.129631475,0.6345493255,0.7412847835000000,0.4969713658,-21.60442334295040,0.31829,15017316413.227500,0.18743,8843179538.56934,15535268116.023300,15535268116.023300,15.57,1.0,0.264,2.0,-1.0,22.873303252848900,21.27029016490250,20.553543911377000,20.210373045518200,19.873692945738500,22.796231655951200,20.829869635191,19.484197115336200,19.191565476599500,21.564531877356400,19.51686144054960,-19.82645608862300,2.319759341471850,9.74,-99.0,-99.0,7.0,309.5031814726790,1170.736706013560,1428.9787433864800,565.8632074836310,19.553553226445400,19.65742536951560,19.790916524637400,21.31350591379190,1.1271768725750200,0.02251627199075460,45.87916372629590,54.52024113324710
1,14044,2,aegis,2.762686274,0.4527159014,1.099093991,0.7983323242,1.644505034,0.6883621615000000,7.961912058000000,5.837547036,8.570029866,3.1562795830000000,13.49523887,3.689304421,3.307623265,1.642904247,0.4272831656,0.2619004401,1.177450388,0.5182298601000000,0.7802419903,0.2218486288,0.9901384742,0.8697936973,1.029464228,0.5154787031,8.089815137,6.239651618,7.981930132,3.4810825810000000,62.52823887,3.2488309190000000,4.0774624610000000,3.032808353,4.220306554,4.276671203,3.059465487,13.5502655,3.032808353,3.059465487,2,2,2,1.11672446,1.132550617,1.099093991,0.5182298601000000,0.7983323242,0.2218486288,-23.851860730682200,0.31829,119005569362.64800,0.18743,70078274107.38980,123110106791.1380,123110106791.1380,13.91,1.0,0.436,1.0,0.4616,21.687977368905600,20.20663409595060,19.492934922842000,19.2018027261957,18.86952537401700,21.61470007765910,19.762521471950000,18.419299759281900,18.206903775838,20.489377036991900,18.456471593517800,-22.01706507715800,2.1950424460635700,10.77,0.23,-10.54,8.6,717.671668535635,2231.579199403470,2415.4949872498000,621.6536380828870,18.576934907443200,18.716260485552700,18.895395075274900,20.73268946219230,1.1421768265865900,0.005581243958405770,79.08178696433430,97.74953921974540
2,17857,3,aegis,1.522889081,0.1981563755,0.9961088002,0.5351199013,1.3560507380000000,0.61827942,8.113330244,1.638467558,5.332489485,1.087127984,5.561804318000000,2.056173687,1.75062036,0.8073972187,0.1774036729,0.1102755794,0.8824899835,0.5246464554,0.6104266837,0.3457250699,1.524336065,0.7360600889,0.397792433,0.4491804396,7.602955217000000,1.894585665,5.4700847810000000,0.8552699733,10.33731945,1.418246429,2.28592759,1.506869363,1.971624487,2.297891605,1.433041358,2.622270965,1.433041358,1.506869363,2,2,2,1.043043079,1.0495053090000000,0.8824899835,0.5246464554,0.6104266837,0.3457250699,-21.120122388273600,0.41779,12618478614.928300,0.18743,5660933595.337400,9944853070.889710,9944853070.889710,13.03,1.0,0.2863,2.0,-1.0,22.929317219869800,21.526433542720200,20.90001699381330,20.582102910982600,20.320761246577500,22.8500284164652,21.14943291501100,19.977797262596700,19.74213336758960,21.781318684045000,20.060304295426400,-19.66998300618670,2.0293002260565200,9.72,-0.82,-10.54,8.6,210.03483439258,583.0623676617260,951.6334328355360,459.2063468422180,20.02946618946680,20.145524857650100,20.24575278079120,21.589857623237500,1.060939274769340,0.011802900437396900,34.80873255179160,38.59806958322940
3,19820,3,aegis,2.853989349,0.6830266296,1.172319751,1.003098825,1.35605088,1.067616428,13.00665235,2.839933572,12.99861834,1.04510045,18.31207705,1.1121737740000000,4.009705611,1.0244704,0.608488582,0.06420113639,1.180637596,0.7011789739000000,1.009543886,0.5070200973,1.22410504,0.7237143159,0.9543900811,0.4422890879,12.42082209,3.550742361,13.06210872,1.13405068,28.67335275,0.9005472163000000,3.757104574,2.977212777,4.038038769,3.951594313,3.028114393,5.9581648220000000,2.977212777,3.028114393,2,2,2,1.09873283,1.122269731,1.172319751,0.7011789739000000,1.003098825,0.5070200973,-24.12057757833130,0.31829,152424235536.05100,0.18743,89757373673.44900,157681392685.22800,157681392685.22800,14.18,1.0,0.4197,2.0,-1.0,21.959921907700200,20.29147674783230,19.47654091501070,19.08309302978310,18.743631786301700,21.89071864411740,19.80928203625770,18.260781519290900,17.97020495841170,20.610396675269600,18.31252124666870,-21.95345908498930,2.483380992689540,10.69,-0.72,-11.41,8.2,961.3334758498930,1998.2216094239600,2748.0837117126900,754.9704228695170,18.448836369340100,18.61364173211610,18.82615147047740,20.81144210962450,1.1329963527893400,0.022863834979538900,94.03286358851190,115.4853179000060
4,26829,3,aegis,1.245305279,0.1324448958,0.9831867746,0.5485032477,1.208593223,0.3881114797,3.710208528,0.437799513,3.195469934,0.6109466149,2.861347544,0.4370195242,1.507559233,0.5777614051,0.1810351108,0.09246217286,1.142325142,0.4714232896,0.5312240323000000,0.2544075395,1.4283657320000000,0.5265577532,0.4301745477,0.3051740575,3.68103327,0.8747277287,2.778814307,0.9921479254,5.385528155,0.7132093491,0.9102811878,0.8854174197,0.7451155689,1.094090597,0.9698218752,1.355017815,0.7451155689,0.8854174197,2,3,0,1.132149568,1.136856775,1.208593223,0.5265577532,0.3881114797,0.3051740575,-20.90502864573980,0.36965,9158032255.642570,0.18743,4643554675.165930,4643554675.165930,4643554675.165930,6.48,1.0,0.3996,3.0,-1.0,23.80926897627410,22.33771373201730,21.664554478843600,21.35525364537970,21.095642983659100,23.734089240984800,21.942065175730900,20.743357241932800,20.506820758152800,22.5964081078408,20.80308283396020,-19.65544552115640,2.1447144974304200,9.59,-99.0,-99.0,7.0,200.8401728144210,310.9844416843320,453.67530542844500,171.5690150612790,20.87814640746590,20.995919183787400,21.133803437508200,22.716961802821100,1.1460098631464600,0.027887179482641100,26.24087651831880,22.634044464406000
6,37275,11,aegis,2.839301349,0.4268865318,1.263112293,0.7192777711,2.000002064,0.4726488351,2.853624291,1.22293337,2.622810442,0.7603887662000000,1.5673679230000000,0.7454477194,3.612049177,1.271605428,0.3717277547,0.08020250458,1.613754413,0.723038362,0.6384011201000000,0.424785308,2.308299585,0.9498094029,0.4163314267,0.3344560497,2.9816422680000000,1.360317513,2.135904023,1.211903343,1.7348367320000000,0.8370434931,1.084428504,0.8390271916000000,0.6276076916,1.168863182,0.9402821591,0.6998465373,0.6276076916,0.6998465373,3,3,3,1.084933568,1.09928274,2.000002064,0.9498094029,0.4726488351,0.3344560497,-21.410990730097700,0.57182,22576448973.576400,0.39832,15726366960.153500,15726366960.153500,15726366960.153500,14.0,1.0,0.304,2.0,-1.0,23.244466662750800,21.57746158116840,20.821394436372800,20.45757987011840,20.12655792195200,23.170593073968300,21.11190101901600,19.728562073295900,19.444548940207300,21.889468059719500,19.761658105002300,-19.87860556362730,2.4230722263780900,9.95,-4.87,-14.83,8.2,267.950402406871,707.5495578736430,1075.0276419471900,364.52874346644600,19.844593680624300,19.925989709789600,20.08976219108510,21.742071977461500,1.1000967886415700,0.02033926737553440,26.460759636886700,39.302473803853000
7,21300,14,aegis,2.83901515,0.3705227933,1.657096376,0.5714762314,1.2781012040000000,0.7112976992,5.526682025,1.858435683,4.136350093,1.78008357,4.760251885,1.003097525,4.067083257,1.025952856,0.2966114988,0.060903113,1.735313197,0.6864902031,0.5513878532,0.2872557583,1.392352725,0.6868104529000000,0.6393200281,0.4276148929,5.714508724,2.123314579,4.061578282,1.834748292,51.93847769,1.5756656220000000,1.879055273,1.575110408,1.359315345,2.030391566,1.58429704,10.76843081,1.359315345,1.575110408,2,3,0,1.094843885,1.107577735,1.2781012040000000,0.6868104529000000,0.7112976992,0.4276148929,-21.991683248596900,0.36965,24915178903.585400,0.31652,21334106388.6456,21334106388.6456,21334106388.6456,12.65,1.0,0.2161,3.0,-1.0,21.791045949942100,20.272369601464700,19.59842356634280,19.303327451047400,19.007980922888700,21.710955671340100,19.85547352207290,18.589255294712300,18.36821682292930,20.557718825335700,18.649614450603100,-20.33157643365720,2.1926223835992600,10.0,-0.9,-10.9,8.4,987.9808929293020,2549.0739559102000,3171.305536138870,1800.8681977690800,18.555607771716600,18.66632485879890,18.790645311402200,20.170387999752400,1.1188048638065400,0.00973935095201021,86.40808320350370,117.28521700578200
8,10415,15,aegis,2.385775341,0.2406662186,1.0833058290000000,0.5833503988000000,1.356062995,0.6513469068,2.036741334,1.557834716,2.166322613,0.7435097359,3.169009603,1.013513838,2.782739087,1.081427238,0.2261897121,0.05418771742,1.138161699,0.5528727839,0.5729223212,0.3255371263,1.435947556,0.7073998675,0.5134117857,0.4074165291,3.307493365,2.167061254,2.025005557,0.822302655,3.408881042,1.081628588,1.071040873,0.7430691641,1.054853309,1.5819807470000000,0.7497976143,1.13096834,0.7430691641,0.7497976143,2,2,2,1.103734996,1.11207426,1.0833058290000000,0.5528727839,0.5833503988000000,0.3255371263,-21.399638743321200,0.31829,12435936378.367900,0.18743,7323093893.611150,12864855517.16700,12864855517.16700,8.74,1.0,0.2479,1.0,0.2522,22.5389619064852,21.056606613633400,20.36346224778720,20.06279891709530,19.787844652378900,22.46023905526110,20.638915468622200,19.35126616190970,19.138164819098700,21.33460737646100,19.423711655478800,-19.876537752212800,2.1754996586979800,9.75,-0.6,-10.35,8.4,722.1150422660460,1549.6423288565600,1826.4276906647900,833.4249767157530,19.366110437525300,19.46598250666210,19.599393071551800,21.02067857554570,1.1220031281545200,0.01797514179348250,53.168675989753900,75.06015458819530
9,19787,16,aegis,2.426723243,0.7669004744,0.9982944025,1.157379978,3.375008254,0.5135328867,8.997246321,6.188114991,8.176647006,3.2653461010000000,7.871795251,5.464325101,2.985377053,1.093683117,0.7680056228000000,0.07130704434,0.9854011614,0.5011484741,1.192067065,0.3672396611,2.7774373960000000,1.662783762,0.6542721861,0.2726924137,10.00492825,6.609192237,7.483129699,4.304771981,8.560337828,8.07957277,4.430522505,3.003720174,3.898115858,4.808789614,3.31980505,5.165919113,3.003720174,3.31980505,2,2,2,1.137468046,1.165039753,0.9982944025,0.5011484741,1.157379978,0.3672396611,-23.57514653252420,0.41779,121064455681.61200,0.18743,54312240427.97710,95413104907.63260,95413104907.63260,9.36,1.0,0.4361,1.0,0.4625,22.74864933587340,21.077209249721600,20.254863553920400,19.85787121587190,19.51577657353900,22.684958491105500,20.584933203500300,19.003904268057800,18.71642991160090,21.397601419675400,19.102233445475800,-21.2651364460796,2.4937857819529700,10.63,-1.15,-11.78,8.6,867.4330825384070,1231.0142695917900,1756.64597845218,477.72665895391900,19.248012553071300,19.41799555679240,19.630908107948900,21.627710609412500,1.1784652733669800,0.01337955211198500,56.95344797885280,65.1766402633474
10,30005,19,aegis,1.317480107,0.2333256116,0.9417547999,0.6607968377000000,2.150024348,0.2829539979,3.300066264,0.5909807741000000,1.698409543,0.4984049537,1.196035934,0.8289216630000000,1.6152151820000000,0.6071437955,0.2545366485,0.0886241326,1.07875607,0.448365137,0.6275356103,0.2369458493,2.318451016,0.9419188658,0.2600534398,0.2046971444,3.431085624,0.9126968295,1.319685692,0.8394829116,0.9676211873,1.082332888,0.8970691729000000,0.545922239,0.5917029807,1.062022425,0.6202925420000000,0.6572427211,0.545922239,0.5917029807,3,2,0,1.141437491,1.149827472,0.9417547999,0.448365137,0.6607968377000000,0.2369458493,-20.777585744925600,0.40332,8885544710.041890,0.16994,3743948894.2391100,6854267470.3805900,6854267470.3805900,6.08,1.0,0.2776,1.0,0.3134,23.54421363900590,22.017606175288400,21.335777176855300,20.99725487438350,20.689179226145200,23.46600056181390,21.591694115788100,20.345738423771800,20.05086847230220,22.301449894125700,20.38321109277450,-19.164222823144700,2.208436462150650,9.67,-1.42,-11.09,8.6,416.08090734735800,556.5064434569550,788.7082914690940,377.4048595768270,20.401350448873700,20.50782764250160,20.621929301713000,22.090388766705600,1.1648315360050800,0.023242491804956600,29.512746591295600,28.453708149050100
11,11221,28,aegis,2.585993513,0.6180865632,1.212838772,0.9418193798,2.200001331,0.6073230069,12.79338476,2.469743585,8.119140607,1.167297211,7.94412027,1.4148425690000000,3.421396638,1.000539678,0.5854035573000000,0.05480195263000000,1.386323217,0.4580231962,0.8936400096000000,0.1394738907,1.825889991,1.188229953,0.7776076592,0.470945486,14.2734727,3.180574128,7.701068234,1.667762595,14.39038445,1.4157914930000000,3.5551600060000000,2.082732161,2.156096007,4.150808344,2.218580547,3.408209292,2.082732161,2.156096007,3,2,0,1.138950911,1.1611092440000000,1.212838772,0.4580231962,0.9418193798,0.1394738907,-24.309797150970300,0.36965,210721850225.98500,0.18743,106845925572.45000,187701730314.66300,187701730314.66300,26.63,1.0,0.4337,2.0,-1.0,21.75336937343600,20.051039157989300,19.267765625084100,18.89014971197850,18.540045969141200,21.68812128258650,19.583732304757400,18.057738787541500,17.799022268512100,20.374266835492700,18.132022228829700,-22.232234374915900,2.4856037483518800,10.98,-0.8,-11.78,8.6,764.4374856316920,1869.279608434400,3111.0874721189900,701.8827785178810,18.232312152547300,18.384330183259200,18.592548086598300,20.59078943354440,1.172128958123480,0.00554121798633984,41.50370251145050,118.0182079367410
12,16063,28,aegis,0.9514156379,0.327656276,1.13432619,0.7933225441000000,0.9047884931,1.2257957310000000,21.585705800000000,1.3730733870000000,5.937364443,0.5837285928,7.669304125,0.5965382311,1.647332463,0.2844598655,0.467426429,0.03286016808,1.0790272440000000,0.4886412068,0.8090742514,0.2130738877,1.026029357,0.4619973186,0.890516247,0.4024597945,11.68240047,0.9280543707,6.245475756,0.5146996178000000,33.77429762,1.536634761,4.786834305,1.4060209890000000,1.7478748730000000,2.670879301,1.43591392,7.224479772,1.4060209890000000,1.43591392,2,2,2,1.101791555,1.113160153,1.13432619,0.4886412068,0.7933225441000000,0.2130738877,-22.26999431304510,0.31829,27721754901.132700,0.18743,16324385061.168400,28677886460.22280,28677886460.22280,11.54,1.0,0.2445,1.0,0.2626,22.250004667308700,20.546033377541500,19.804556023032600,19.480624680195000,19.171371019910100,22.17402082358530,20.077562824340600,18.68121846840550,18.446680133340700,20.867924584065700,18.73332823105490,-20.40544397696740,2.445448644276030,10.14,-0.58,-10.72,8.2,1029.011130321260,1863.9571293788300,2915.4430776131200,1100.043384322880,18.680766748349000,18.807564628140600,18.956604797854800,20.490623221390000,1.128505984937730,0.010345181851077700,69.55292590009710,102.30073033543500
14,14044,30,aegis,2.884015499,0.4563495612,1.101204253,0.7962966401,1.644534455,0.686500828,12.20223944,6.002479778,13.1063172,3.1477861710000000,12.88039108,3.669669075,4.019393448,1.119851965,0.3824697537,0.06953879385,0.6806001255000000,0.6673372801000000,1.052437539,0.563701251,1.83644301,0.7963782605000000,0.5794822662,0.3865667176,11.64690482,6.8165768610000000,14.88220061,1.674723047,13.63537693,4.0767819260000000,4.972350306,3.909957665,4.092403739,5.217552635,3.615993591,4.415547969,3.615993591,3.909957665,2,2,2,1.120579768,1.136485288,0.6806001255000000,0.6673372801000000,1.052437539,0.563701251,-24.105965945482200,0.31829,150386680222.48800,0.18743,88557527644.91770,155573561483.805,155573561483.805,13.91,1.0,0.436,1.0,0.4616,21.687977368905600,20.20663409595060,19.492934922842000,19.2018027261957,18.86952537401700,21.61470007765910,19.762521471950000,18.419299759281900,18.206903775838,20.489377036991900,18.456471593517800,-22.01706507715800,2.1950424460635700,10.77,0.23,-10.54,8.6,717.671668535635,2231.579199403470,2415.4949872498000,621.6536380828870,18.576934907443200,18.716260485552700,18.895395075274900,20.73268946219230,1.147442418789730,0.010574700239834900,55.32738350532300,93.07431036952060
15,19842,1,cosmos,2.550475492,0.3247562649,1.244743208,0.626255005,1.244914397,0.561689739,2.54219467,0.9037674091,2.017711872,0.4038696365,2.113120832,0.32517795850000000,3.202394149,1.03647921,0.2996946254,0.05337694401,1.30282233,0.648406229,0.6142379314,0.3277406091,1.190441583,0.6066781198,0.6535288038,0.3973274338,5.727960179,1.293601395,1.913528134,0.4746658539,31.45082506,0.7669183509,0.8855499849000000,0.5669273238,0.5513285836,1.673197262,0.5773983467,6.439531497000000,0.5513285836,0.5669273238,2,3,0,1.088208167,1.099241917,1.244914397,0.6066781198,0.561689739,0.3973274338,-21.90607009964370,0.36965,23026013258.27840,0.18743,11675275706.747300,11675275706.747300,11675275706.747300,13.98,1.0,0.2311,3.0,-1.0,21.91220829500870,20.348484280679100,19.663967490524100,19.320036066611200,19.031289623620000,21.837318349484500,19.917939559355200,18.633427449320700,18.43911682772770,20.633182981449300,18.735619639356300,-20.41603250947590,2.248240804484540,9.96,-29.11,-39.07,7.2,836.3665288853470,1432.7639547597400,2117.0532186777800,943.7545818867630,18.63942110885330,18.727386714406800,18.85487882390400,20.257111966978900,1.105427735171820,0.01748146158218730,66.45486962279100,86.88828808410030
16,20236,1,cosmos,2.631339294,0.4533467666,1.636769316,0.6713444447,2.450021647,0.4291565084,3.859677006,1.437820286,1.5689893030000000,1.289989762,2.159794966,0.8921935626,3.454905751,1.172185908,0.4120350809,0.05997665288,2.018896447,0.6669620601,0.586203699,0.14526956360000000,2.640425054,1.21090027,0.3731896317,0.3026100982,4.861871002,1.868239837,1.240961517,1.575665852,2.329586044,1.017067536,1.372964546,0.8640639115000000,0.8062786012000000,1.754217339,0.9242530164,0.8933995087000000,0.8062786012000000,0.8640639115000000,2,3,0,1.095754914,1.111162884,2.450021647,1.21090027,0.4291565084,0.3026100982,-21.621162540628300,0.6682,32016325566.51400,0.39832,19085218197.626200,19085218197.626200,19085218197.626200,13.48,1.0,0.2254,3.0,-1.0,22.073949636771500,20.59303922078930,19.85126185442140,19.494821851103500,19.19501545826220,22.004230345556500,20.14555825355550,18.77403615887750,18.55655202406650,20.876896579441400,18.837993967771700,-20.178738145578600,2.2226877823501000,10.09,-0.63,-10.72,8.8,578.4581281127870,855.0520554150470,1267.4618064728100,624.6179437776000,18.77028071989600,18.86999769760910,18.988732027225300,20.50800167241150,1.1089625387930800,0.014521303613185500,54.658931581015600,72.68228598958980
17,20423,1,cosmos,2.274164257,0.3881464309,1.084837533,0.7506019404000000,2.350005837,0.3826982854,4.055383804,0.8243889759,2.443674709,0.4614615731,2.769251284,0.5791165091,2.276245166,1.379988129,0.3978673001,0.3036460385,1.038311763,0.608664602,0.7636347205000000,0.4055602738,2.709887138,1.051081359,0.2996552843,0.2057341252,4.16454296,0.818374195,2.493278929,0.4478444479,4.132195834,0.8561573524000000,1.144950553,0.674613375,0.7888533485,1.163538188,0.6783401777,1.17364191,0.674613375,0.6783401777,2,2,2,1.11298222,1.126373804,1.084837533,0.608664602,0.7506019404000000,0.4055602738,-22.719229367373800,0.31829,41929022832.56460,0.18743,24690554995.46820,43375167281.75280,43375167281.75280,10.41,1.0,0.354,1.0,0.354,22.45157567976030,20.827940704302900,20.070129716475700,19.71745754075510,19.42086099005930,22.38871919462840,20.349328715264200,18.9759152131338,18.75140436483340,21.140261167147900,19.081372573026200,-20.979870283524300,2.3814459632845800,10.39,-14.41,-24.8,7.8,610.2316455388310,1202.375969940400,1710.0741251020300,524.4343249436650,19.08011868457960,19.20785981561760,19.354510447553200,21.116966910170500,1.1378241948322400,0.01429301896287920,48.411522468691100,63.088573787309500
20,21548,1,cosmos,2.218871545,0.07315484781,1.266362421,0.3957564881,1.278104766,0.4616771166,1.535710295,0.3148175753,1.01570599,0.200659334,1.148292035,0.17846820290000000,2.627608605,1.018835652,0.09180782264,0.0574184914,1.5728034520000000,0.6043315043,0.3281524771,0.2103551568,1.491370546,0.6046930434000000,0.3455058849,0.35821340700000000,1.248998564,0.5037752355000000,0.8023977295,0.4227359576,1.160874114,0.1868936451,0.4347172385,0.2842406541,0.3003623032,0.4609868011,0.3391254007,0.3064591298,0.2842406541,0.3003623032,3,2,0,1.105029712,1.1075436,1.266362421,0.6043315043,0.3957564881,0.2103551568,-19.714800070083500,0.36965,3059924694.837830,0.31652,2620120017.3409100,3712877918.3404500,3712877918.3404500,8.52,1.0,0.2196,2.0,-1.0,23.579930071196500,22.123400515308300,21.427724196147500,21.11773353282700,20.877434827994100,23.5019931831646,21.702115088869600,20.552412840074000,20.380018595084000,22.398879862226900,20.650956418016500,-18.54227580385250,2.1522058750489800,9.33,-1.21,-10.54,8.6,213.0101899627640,359.9311496332590,527.7737071100690,329.73271726582200,20.540071240241300,20.62609997033060,20.728080144859000,22.022121698617400,1.117000079894470,0.02204483652839450,49.6955939901534,22.463654770995900
21,21739,1,cosmos,2.26630655,0.3241612211,1.136222167,0.6872777032000000,2.875000673,0.1942191203,2.5946229730000000,0.9770780025,2.228696464,0.4954181159,4.208677441,0.8977517447,2.7632818360000000,0.9951614409,0.3195172992,0.06764116385000000,1.325064955,0.5343985411,0.6239331141,0.2169975463,3.213893689,1.193655392,0.1604709775,0.1632481247,2.580006614,1.425570426,2.063701677,0.7092657495,4.470747347,1.118869594,0.9275214754,0.647595327,1.206530172,1.11917269,0.708292818,1.353305585,0.647595327,0.708292818,2,2,2,1.089601111,1.100096142,1.136222167,0.5343985411,0.6872777032000000,0.2169975463,-22.6576961680102,0.31829,39618813156.16860,0.18743,23330152219.23620,40985277787.55320,40985277787.55320,8.28,1.0,0.4492,2.0,-1.0,22.79584519201040,21.20005614058280,20.468247913927600,20.129613350435200,19.829136387688200,22.73050185608940,20.750596410238400,19.427812628839500,19.19308769488550,21.49392093270330,19.6095815351898,-21.111752086072400,2.3275972780827800,10.41,-3.15,-13.57,8.4,551.7841053151390,908.1860196875220,1257.162352827840,353.5725895621510,19.58053293005750,19.74653632626010,19.89514816325210,21.79560587949150,1.111192579142930,0.01464213958612280,41.66261394842420,49.203163627576700
22,21966,1,cosmos,2.750637376,0.2971322101,1.37225605,0.5637535726,2.200003271,0.2927321668,2.943838991,0.6265514545,3.430141615,0.3127859214,3.825691313,0.1931346604,3.622405222,1.07869654,0.2503346459,0.06198705902000000,1.406474586,0.7123279894,0.5580857901,0.3234586936,2.303530894,0.9276004835,0.2870729092,0.2104860196,3.368355997,0.8652735016000000,3.36088458,0.3508712699,4.308453619,0.1914770424,0.8433241020000000,0.8016869508,0.8266057873,1.029276725,0.8047547454,0.9196272125,0.8016869508,0.8047547454,2,2,2,1.087830529,1.097977961,1.37225605,0.7123279894,0.5637535726,0.3234586936,-21.71710964470880,0.5062800000000000,26499313878.74910,0.31652,16567043590.309100,23476562108.42910,23476562108.42910,12.65,1.0,0.2225,1.0,0.2225,22.04005406066610,20.480981488871700,19.77187048549910,19.432656461416700,19.14859724801960,21.96891169651970,20.039521377202700,18.76311817795270,18.561998624586300,20.772145913379100,18.846643927891300,-20.22812951450090,2.2681835751670100,10.01,-2.48,-12.49,8.4,595.0119932049550,1317.1166472398500,1806.955337926150,838.3451169640350,18.756914402686400,18.838693418904300,18.96638426803260,20.383774495528300,1.1059358836536800,0.01406871289993840,39.70764082748120,78.85769235426970
23,22611,1,cosmos,2.500314135,0.2442864694,1.237577388,0.5508027021,1.356054226,0.6625839011,2.85957488,0.4718772509,1.913627903,0.25176376570000000,3.525685088,0.2218434202,2.952648872,1.127220986,0.2196003263,0.06456276514000000,1.28978419,0.6354544664,0.5406709753,0.3391190161,1.325037008,0.7019313454,0.5372236128,0.4294526229,6.859071449,0.6758395499,1.882019178,0.2791987292,19.28018068,0.6199122555,0.7598874625,0.480755929,0.7808017436,1.624937263,0.4865155213,4.012550186,0.480755929,0.4865155213,2,2,2,1.089728116,1.098090743,1.237577388,0.6354544664,0.5508027021,0.3391190161,-21.31817824156890,0.36965,13398679757.846500,0.18743,6793763146.255040,11934952980.82630,11934952980.82630,9.72,1.0,0.2272,3.0,-1.0,22.403757578623600,20.856215448293300,20.169389049029200,19.83335605671820,19.54839524317540,22.324572733337000,20.42915116362180,19.176159548403300,18.995960221947900,21.136218848139100,19.282624460531100,-19.880610950970800,2.234368529594440,9.81,-1.09,-10.9,8.4,599.2546200646800,1173.9230668285500,1685.6274621230400,763.5438106266230,19.171613995452100,19.255091252352800,19.392362070100700,20.782296905608900,1.1063680363365100,0.019630516227545000,33.435978248891200,64.81097044829220
24,13683,3,cosmos,1.32744666,0.1618150381,0.9606845303,0.5491386209,1.609017313,0.4450486065,3.338521718,0.3596189673,1.355556509,0.5382209533,1.875375382,0.7588175097,1.676818134,0.6442938112,0.1822849431,0.08167644055000000,1.116118292,0.4533399885,0.5364065504,0.2027919882,1.792754437,0.7608278628,0.3678171953,0.3411434712,3.194640552,0.6691599727,1.102922675,0.6615081608,2.87736455,0.6745832510000000,0.8042058928,0.4966150961,0.6932127928,0.9105006755,0.5010236459,0.8512454967,0.4966150961,0.5010236459,2,2,2,1.096871865,1.102487649,0.9606845303,0.4533399885,0.5491386209,0.2027919882,-20.551638823182400,0.41779,7475040843.81492,0.18743,3353471613.3852700,5891215982.4634500,5891215982.4634500,9.08,1.0,0.2093,2.0,-1.0,22.715642808723900,21.349838698013300,20.675331203435100,20.37410592358990,20.1430409238766,22.642874960487500,20.937331379970100,19.782801876502700,19.57642380265890,21.61305834639210,19.85749979771760,-19.18466879656490,2.040311605288770,9.57,-0.97,-10.54,8.6,366.5813794164120,597.4219854864770,890.8962057016650,544.9676499303150,19.773215046268700,19.85839236781210,19.97367346419930,21.26082562136770,1.1145935430742300,0.015152795893598000,30.32786501883570,31.196367003060300
25,14860,3,cosmos,2.696470532,0.01469876946,1.412282454,0.2841373045,1.94998289,0.08359730688000000,1.957688776,0.8030191110000000,1.273985393,0.9659612986,2.624511177,1.062672522,2.85397627,0.9448058339,0.02009653711,0.01262211251,1.607248898,0.6017944841000000,0.2227353757,0.1791755189,1.881064774,0.4328893789,0.1221359723,0.07496935432,1.908446022,0.8426146152000000,1.3836248920000000,0.9563924806,2.535688147,1.355078487,0.72836406,0.6662662201,0.9704431885,0.7359730037000000,0.6834059125,1.079998238,0.6662662201,0.6834059125,2,2,2,1.115129332,1.115642834,1.412282454,0.6017944841000000,0.2841373045,0.1791755189,-21.51978540385080,0.5062800000000000,22095555928.50500,0.31652,13813868536.166600,19575136678.98420,19575136678.98420,10.62,1.0,0.3764,2.0,-1.0,22.943765804637100,21.439707833481000,20.749381112574400,20.437520985015500,20.17416993175850,22.87314095265970,21.011174022851500,19.7753519800731,19.56965345393210,21.71269986001900,19.944351900649200,-20.43061888742560,2.1943846920627100,10.08,-8.56,-18.64,8.0,355.8285518770370,610.924031272506,887.261310049452,400.40050738435500,19.8952053404693,20.013764663734700,20.146821472086300,21.83165641762190,1.1226945116523700,0.01432520072521370,55.661215284718900,34.66477793856310
26,16320,3,cosmos,2.706695827,0.408876017,1.390888431,0.6757496289,1.6090004570000000,0.6414497301,3.743714497,1.432532926,3.1506743310000000,0.9432835649,2.836985466,0.7916505137000000,3.540239234,1.057211742,0.3686229118,0.05689295677,1.655693298,0.5431476004,0.6228375662,0.1354173812,1.4944529220000000,0.8157338968000000,0.6477720015,0.4329560679,4.6784744830000000,1.770116451,2.779900285,1.273852983,2.945689973,0.8394627314,1.3481546830000000,1.020837609,0.8941712738000000,1.676055026,1.092194522,0.9360127775,0.8941712738000000,0.9360127775,3,3,3,1.095597488,1.10984761,1.6090004570000000,0.8157338968000000,0.6414497301,0.4329560679,-22.075885967950800,0.52775,38439933630.999600,0.31652,23054491317.63900,23054491317.63900,23054491317.63900,13.8,1.0,0.2204,3.0,-1.0,21.764473939645200,20.199890058047200,19.482187016794700,19.147007419632900,18.865462380454700,21.69311867741300,19.764346393198700,18.47156810545590,18.259622525850500,20.487640324541400,18.545563762149200,-20.497812983205300,2.2822869228504600,10.15,-0.95,-11.09,8.6,944.9231657822740,1848.3404626636800,2331.313495525900,1157.9339616495100,18.468095440849300,18.56637305416030,18.675145982375800,20.058786085140100,1.1153717610121300,0.018323254877337000,89.61655024472020,94.6429015194002
27,24252,7,cosmos,2.749363596,0.5171812685,1.341088289,0.7886251211,2.450002779,0.4845529835,4.115361978,1.23456133,5.848061989,0.6745564647,8.254198259000000,0.5968115776,3.569849294,1.016241042,0.4765109512,0.0561340385,1.4127158970000000,0.6611602502,0.7736397854000000,0.3111469566,2.020793881,1.168076504,0.5776128171,0.3203740686,4.956463583000000,1.510016912,5.739258355,0.7805668815000000,8.895112119,0.5801751428,1.334468594,1.428068335,1.861565086,1.6172409770000000,1.452912976,1.978799967,1.334468594,1.428068335,2,1,0,1.073026963,1.090260038,2.749363596,1.016241042,0.5171812685,0.0561340385,-22.29719060784660,0.6906400000000000,61677671711.36730,0.63498,56706950051.08880,56706950051.08880,56706950051.08880,22.2,1.0,0.2201,1.0,0.2201,21.494763718699500,19.99068106108590,19.233980325252700,18.871132573902800,18.55157008818780,21.4220249709665,19.538392067014700,18.14048111466990,17.918841087786200,20.279927756479200,18.18999066065340,-20.736019674747300,2.260783393446740,10.32,-0.39,-10.72,8.8,595.660307031838,1395.7472121218900,2160.863731308190,596.9471538115360,18.120326526635600,18.22189789136100,18.359725973795400,19.900832283816000,1.0886778451987000,0.004729384663548930,63.84452597227550,106.94958098823400
28,25114,7,cosmos,2.532010549,0.2111782176,1.301044342,0.5053822488,1.6090038010000000,0.4549340297,1.689546797,0.2795706127,1.438017176,0.2052472932,2.660432922,0.2292855126,3.0978899010000000,1.115502641,0.1847722028,0.06183173882,1.50168079,0.5531008537,0.4597001002,0.1507337548,1.875534913,0.7298398869,0.3407429508,0.3007521022,4.668274909,0.5051927237,1.691624876,0.3120054416,3.900374331,0.2822663301,0.4493035113,0.3682324007,0.6160188877,1.1255386510000000,0.4637724288,0.8797594126,0.3682324007,0.4493035113,1,2,0,1.10466605,1.112062908,1.301044342,0.5531008537,0.5053822488,0.1507337548,-21.24563925899140,0.36965,12532751084.084700,0.31652,10731411803.420700,15207098016.058000,15207098016.058000,10.69,1.0,0.2074,2.0,-1.0,22.267251632290400,20.687537721800800,19.983856288404500,19.665147292096200,19.394186947356500,22.196675005159800,20.245176464339000,19.024628045805100,18.82879935660600,20.982376268947300,19.099742989808600,-19.85614371159550,2.2833953438858500,9.84,-3.58,-13.42,8.2,775.3875787671030,996.1575370905910,1608.5429881599900,528.2343726464830,19.00034214175880,19.09308341615340,19.204222760590800,20.53008156244030,1.1209749626959000,0.00839791182016163,68.669885302739,58.70111884939280
29,25888,7,cosmos,2.703642598,7.13e-18,0.9632042747,0.306715372,1.278100312,0.3034648853,1.958121889,2.085532459,1.3982206680000000,0.6232884863,2.202193327,0.8409499020000000,0.0,0.0,0.0,0.0,1.101557573,0.4443547213,0.304598644,0.1922005872,1.344174474,0.4742275265,0.2474825677,0.2636622209,0.0,0.0,1.264052504,0.8387725298,8.512422679,1.114945368,1.284611797,0.5417890488,0.7922894102,,0.6091819233,2.136395165,0.5417890488,0.6091819233,2,2,2,1.070936946,1.070936946,0.9632042747,0.4443547213,0.306715372,0.1922005872,-20.5543347290103,0.41779,7493624589.787290,0.18743,3361808700.2174100,5905862171.504280,5905862171.504280,8.09,1.0,0.2371,3.0,-1.0,22.49372092178770,21.126893934571100,20.548110733452200,20.292886389046900,20.0639176692453,22.405438123529100,20.78608675346060,19.7532176735528,19.597261601384900,21.35165073572840,19.8923806429897,-19.591889266547800,1.9456101883355300,9.51,-0.84,-10.35,8.4,422.5892626871470,672.7289315315920,1058.7362862240400,442.03719895561000,19.739194572486200,19.834151636466600,19.930832103261700,21.051190072670300,1.0801173582764200,0.013954853851203600,24.13250375491940,34.11894981847050
30,14034,10,cosmos,4.1832659030000000,0.4596542856,0.9999485093,0.9046234212,1.749999975,0.5420570789,13.77630888,2.930896839,10.63069753,0.7676462991000000,29.80793351,1.138014627,5.4100405710000000,1.752087161,0.3821562246,0.08881713313000000,0.6734852638,0.4488986467,1.127238295,0.3758539395,2.121683925,0.913423178,0.5528416673,0.416566694,13.20069561,3.35254657,10.62402962,0.8642780673,11.46441198,0.8024582494,3.945998788,2.397103962,6.281449826,4.017078194,2.437713718,2.574086511,2.397103962,2.437713718,2,2,2,1.086603917,1.102205112,0.9999485093,0.4488986467,0.9046234212,0.3758539395,-24.342552352788100,0.41779,245459012022.46900,0.18743,110118438984.58900,193450722863.0020,193450722863.0020,23.62,1.0,0.3743,1.0,0.3743,21.17898747304850,19.627475962125000,18.837852493584200,18.457635528426300,18.12641485271640,21.107495914018200,19.149564169482600,17.650337367671700,17.405856177610700,19.929049778693200,17.73207106841190,-22.33214750641580,2.3411349794643300,10.93,0.39,-10.54,8.6,809.9419011497330,2163.576995895780,2397.779561284820,958.7237722974300,17.779158336326200,17.931114993008600,18.09107215651880,19.996558248443800,1.1164983811839000,0.010850330112323500,75.30408652156750,118.50406141050200
31,16377,10,cosmos,2.492696248,0.2488211012,1.25050002,0.5529024157,1.609001149,0.4897050709,1.83752617,0.6523546286,1.584318736,0.2892763714,1.99957419,0.32392455870000000,3.060937035,1.083719968,0.2283700622,0.05577144515,1.344978452,0.6703440444,0.5318641241,0.3851004889,1.7712962770000000,0.7682170951,0.4157832269,0.3662106419,4.775903456,1.073800359,1.4791301610000000,0.3878009272,4.549588159,0.4462692619,0.6396956597,0.4330797934,0.5287371533000000,1.393014864,0.4553801335,1.076940442,0.4330797934,0.4553801335,2,2,2,1.104130908,1.112708001,1.25050002,0.6703440444,0.5529024157,0.3851004889,-21.302204915322100,0.36965,13203001622.799900,0.31652,11305326859.593200,16020372417.598100,16020372417.598100,9.24,1.0,0.2235,1.0,0.2235,22.406772477988300,20.85007883921670,20.153271730887000,19.83004585444960,19.564610525324800,22.340700474004800,20.41253595403090,19.17582406968320,18.976456476486200,21.13771012101210,19.260697500377900,-19.856728269113000,2.253500747101340,9.86,-8.78,-18.64,8.0,815.8152798324510,1181.039311087970,1970.7890560685700,867.436419954631,19.177492320703200,19.265272195418700,19.37486715763290,20.73426577431640,1.1201115749223200,0.017767462478400900,48.19169378491250,67.13407493645060
35,17321,10,cosmos,2.634717609,0.289297604,1.3464227480000000,0.5679855316,1.521567781,0.5992361037,2.26665213,0.8327313149,2.2065116540000000,0.4638678071,2.541939202,0.3429354129,3.44921301,1.07951608,0.255733912,0.05818522494,1.44996624,0.7023103572,0.546511136,0.33981183020000000,1.590141737,0.8218382152,0.5178162678,0.4420708166,3.2239535110000000,1.122830052,2.02322826,0.6127083656,6.861714406,0.3026976805,0.8012416813,0.6296057630000000,0.6422948304,1.112927152,0.6585616626000000,1.463636985,0.6296057630000000,0.6422948304,3,2,0,1.104196511,1.114375953,1.3464227480000000,0.7023103572,0.5679855316,0.33981183020000000,-21.537767675217600,0.36965,16402036749.61170,0.31652,14044562889.184600,19902045356.272900,19902045356.272900,10.33,1.0,0.2184,2.0,-1.0,22.08663688979870,20.576065629495000,19.887504713518600,19.550137198591300,19.28247867370060,22.01882530142230,20.146959572375300,18.90132088541670,18.703833600715900,20.852242703153100,18.990217856382400,-20.072495286481400,2.1991321762801600,9.9,-1.0,-10.9,8.4,855.1274256433620,1506.5487326763400,2124.713986615320,1328.4207574058700,18.89076085544950,18.992842175679400,19.10841113545140,20.472728558486900,1.1220105723218100,0.020215272860138700,55.957740665211800,73.92232807364210
36,17943,10,cosmos,2.799779675,0.3704113494,1.6392421170000000,0.5775837705,1.750007645,0.5712180685,3.3971722860000000,0.7249355796000000,2.784505697,0.6111000281,2.561661637,0.31819342370000000,3.883544433,1.035155964,0.3084402668,0.05973100036,1.831340187,0.4981978420000000,0.5341566743,0.09583876266,1.749149796,0.8160099468,0.5463153262,0.3680556155,3.666861549,0.9967736752,2.7581053360000000,0.7047389099,32.51704819,0.5742335972,0.9740143927,0.8056850666000000,0.6353950326,1.144264195,0.8411654098000000,6.563007111,0.6353950326,0.8056850666000000,2,3,0,1.095023022,1.10773554,1.750007645,0.8160099468,0.5712180685,0.3680556155,-21.959199684934800,0.5582700000000000,36519444647.28530,0.39832,26056254486.013300,26056254486.013300,26056254486.013300,10.22,1.0,0.2207,1.0,0.2207,21.88724286034730,20.29696931393750,19.559808044170800,19.211706589835000,18.92137748452200,21.816015439068400,19.84651018338840,18.514770335237500,18.30514354980660,20.59103323330130,18.592018383565200,-20.42019195582920,2.3274348161764400,10.09,-1.52,-11.61,8.4,1314.2305741516300,2098.2819592694200,3730.924832992510,1527.3170944035500,18.505973171087100,18.6021667511654,18.736607417161900,20.164165393392000,1.113188646152950,0.013655497118751200,58.35433289482460,112.13509383132800
37,25830,11,cosmos,1.3450982270000000,0.2762198909,0.983653453,0.6636401633,1.6443352,0.5104999094,2.410535355,0.1971528257,1.072703556,0.3881292269,1.779070587,0.4638638195000000,1.707106746,0.5987710898000000,0.2624404321,0.1127337346,1.084451265,0.4913108772,0.6680978941,0.3196444349,1.623372454,0.7967662059,0.4771694429,0.4119904249,2.2878101,0.5233865067,1.152241747,0.4385282879,1.903773506,0.5357319393,0.5535607054,0.3766047136,0.5466057684000000,0.6712022331,0.4139046432,0.6019856341000000,0.3766047136,0.4139046432,2,2,2,1.071197739,1.080559581,0.983653453,0.4913108772,0.6636401633,0.3196444349,-21.74054006122830,0.41779,22344676179.46770,0.18743,10024324795.513600,17610246710.607800,17610246710.607800,11.63,1.0,0.3861,2.0,-1.0,23.182503858744700,21.65108819813960,20.926103959219000,20.583612845042800,20.310803298526900,23.11429929821110,21.2035605261597,19.94734735034290,19.761849905002000,21.938337205569700,20.16310010207170,-20.31389604078100,2.256399899525670,10.04,-2.46,-12.49,8.4,209.91606997377300,538.2427054728210,617.9775988499660,208.55950582705100,20.072296980518400,20.186429034035900,20.332860785005400,22.08157667800470,1.0925802585206600,0.028706322419593600,25.691236694721800,22.042349288923100
38,26531,11,cosmos,2.07956206,0.3941803109,0.9942902069,0.7824451519,2.350002567,0.3822735627,2.318640506,1.220900176,1.115120094,0.6219819376,1.959060724,0.8782274474000000,2.34248639,1.010775981,0.3967579922,0.07029887402000000,1.112513908,0.4617939418,0.783137345,0.1986042729,2.391133335,1.069572796,0.3789036065,0.2450521343,2.005273859,1.43699864,1.3699722420000000,0.7950795003,1.930796496,0.9074647739,0.9796664602,0.4862514769,0.7612446537,1.012529957,0.6108013218,0.7684352602,0.4862514769,0.6108013218,2,2,2,1.095872709,1.109279991,0.9942902069,0.4617939418,0.7824451519,0.1986042729,-22.23284755128350,0.41779,35163902017.167800,0.18743,15775318114.549800,27713312328.01580,27713312328.01580,7.88,1.0,0.3344,2.0,-1.0,22.69329662056500,21.10727612722750,20.392784496982800,20.04247208770160,19.75573771851750,22.628553177517800,20.66138601940760,19.350537636167300,19.14184295070130,21.4009025979236,19.469597600616500,-20.52721550301720,2.3005121235821200,10.17,-24.5,-34.67,7.6,450.6646229039030,940.8089140414880,1482.8703853207300,545.7075968036510,19.430303796979100,19.547458753810200,19.70789310695220,21.356660663571100,1.1191260363358800,0.014198388006040400,55.51042283585540,47.12728194112230
39,25830,15,cosmos,1.271287601,0.344657622,0.9999896806,0.7498701441,1.609001264,0.5963046988,2.500803261,0.2608795993,1.36021689,0.5577439571,2.004648135,0.5894525527000000,1.5620416730000000,0.5947777822,0.3719546203,0.1397839054,0.9684828657,0.5452791404,0.8233335729000000,0.4056922365,1.712071519,0.8093444406,0.5653589809,0.4256835236,2.631219782,0.5606779747,1.3722121860000000,1.088598669,1.76103563,0.8360255132,0.5987236551,0.5059862012000000,0.644868957,0.7540552199000000,0.7385212443000000,0.7044922538000000,0.5059862012000000,0.5987236551,1,2,0,1.134496414,1.146820168,0.9999896806,0.5452791404,0.7498701441,0.4056922365,-21.826770042028300,0.41779,24191681581.4404,0.18743,10852933001.769700,19065905344.607200,19065905344.607200,11.63,1.0,0.3861,2.0,-1.0,23.182503858744700,21.65108819813960,20.926103959219000,20.583612845042800,20.310803298526900,23.11429929821110,21.2035605261597,19.94734735034290,19.761849905002000,21.938337205569700,20.16310010207170,-20.31389604078100,2.256399899525670,10.04,-2.46,-12.49,8.4,209.91606997377300,538.2427054728210,617.9775988499660,208.55950582705100,20.072296980518400,20.186429034035900,20.332860785005400,22.08157667800470,1.1593481996204000,0.031904532869523200,20.33619038900030,21.872839765932300
40,17321,17,cosmos,2.485070195,0.2556678546,1.270130569,0.5573294177,1.521512012,0.5767746196,1.922283825,0.6732123748000000,1.49246928,0.3335472034,2.105013976,0.2996214959,2.9745169660000000,1.15368935,0.2292676442,0.06599874491,1.375152695,0.6466671152000000,0.5351864114,0.3115783829,1.467422326,0.8359838135,0.4966953944,0.4584236333,5.696695631,1.05659758,1.3461043660000000,0.4526366662,2.519650202,0.2999575826,0.6651984465,0.4344430533,0.5386718423,1.5643494530000000,0.4576659873,0.6193294754000000,0.4344430533,0.4576659873,2,2,2,1.107846948,1.116718625,1.270130569,0.6466671152000000,0.5573294177,0.3115783829,-21.527111561317600,0.36965,16241844007.742200,0.31652,13907394739.160200,19707669300.23170,19707669300.23170,10.33,1.0,0.2184,2.0,-1.0,22.08663688979870,20.576065629495000,19.887504713518600,19.550137198591300,19.28247867370060,22.01882530142230,20.146959572375300,18.90132088541670,18.703833600715900,20.852242703153100,18.990217856382400,-20.072495286481400,2.1991321762801600,9.9,-1.0,-10.9,8.4,855.1274256433620,1506.5487326763400,2124.713986615320,1328.4207574058700,18.89076085544950,18.992842175679400,19.10841113545140,20.472728558486900,1.1256937092636300,0.01810839671605280,32.023713338544300,59.603786169644100
41,18089,17,cosmos,2.237160481,0.4395411936,0.9999748619,0.8294086899000000,2.675004735,0.4007808067,3.096269535,0.9809393692,1.338211942,0.4165610374,2.495685492,0.6647995812000000,2.721125616,1.054972207,0.4314654829,0.06217024186000000,1.130987193,0.4374235208,0.7880446968000000,0.1807392598,2.754098743,1.274413637,0.3326410738,0.2446985662,3.321623792,1.4245484470000000,1.320162555,0.5073529218,5.13177915,0.9956746283,1.026603062,0.4404892329,0.7728903569,1.262732843,0.4763565204,1.428237612,0.4404892329,0.4763565204,2,2,2,1.09967777,1.114865975,0.9999748619,0.4374235208,0.8294086899000000,0.1807392598,-22.99195338935680,0.41779,70752110058.92920,0.18743,31740989464.432100,55761027970.44420,55761027970.44420,11.31,1.0,0.3799,2.0,-1.0,22.42417885954550,20.7979469591662,20.0360285638859,19.672919707835000,19.362820489287300,22.35788074108530,20.33204158707320,18.910719472930300,18.68703801042990,21.104215782594800,19.03745530054320,-21.163971436114100,2.3881502956595500,10.5,-1.28,-11.78,8.6,639.470811042666,1293.2271284146700,2043.3513896591800,630.7310346857660,19.028648488403600,19.165260381726400,19.337558395265500,21.162287751871500,1.1272094530865200,0.011507741672702100,41.07518339055420,53.24606694526260
42,12390,20,cosmos,1.179176277,0.206310589,0.858072365,0.732549157,1.3819578280000000,0.6827596154000000,1.413701759,0.2571803848,0.6803411213000000,0.5431223501,0.9949912997,0.7928015172,1.353557037,0.5513267636,0.2710557947,0.1198027784,1.014801712,0.3947147345000000,0.6672332101,0.2096670935,1.456009526,0.7264306146000000,0.5433394002,0.4400585026,1.271359847,0.4606921713,0.6200505995000000,0.7095898002,1.067656103,0.8127175379000000,0.3860318156000000,0.3676308093,0.5370016379,0.446645769,0.4281127454,0.5597479176,0.3676308093,0.3860318156000000,1,2,0,1.093889333,1.100988636,0.858072365,0.3947147345000000,0.732549157,0.2096670935,-20.54622931181180,0.40332,7180281703.8242700,0.16994,3025431599.5931200,5538835593.84617,5538835593.84617,11.57,1.0,0.228,3.0,-1.0,23.175950219649800,21.79709829750400,21.120527485755800,20.79169108716440,20.5231227916127,23.09747828308640,21.393847613861200,20.135543447278,19.94917967717060,22.047099551024500,20.236319845188200,-18.929472514244200,2.0554227338939600,9.42,-0.67,-10.1,8.6,280.9833342235820,460.5383118125460,499.9788429669510,269.3017985397930,20.127738636183500,20.23687797388310,20.35550824481170,21.77982093752580,1.1178690398761500,0.027476734728204400,22.425682568633600,21.752442190115100
44,12390,23,cosmos,1.23400874,0.2022215085,0.9972726304,0.6229983717,1.356061791,0.6764981697,2.629945723,0.2765710414,1.113338394,0.608993416,1.502754705,0.765561555,1.519609613,0.5836106010000000,0.2380062111,0.09999078133,0.9027859673,0.556182726,0.6999398810000000,0.4300945327,1.255955068,0.7300571449,0.6081147606,0.4602036985,2.8315298660000000,0.7810834683,1.229840452,0.5592953581,3.153591825,0.8567523639,0.6306044763,0.4802730259,0.6237838276,0.8885295205,0.4813431553,0.9838797415,0.4802730259,0.4813431553,2,2,2,1.012698579,1.01913364,0.9972726304,0.556182726,0.6229983717,0.4300945327,-20.436678526511800,0.41779,6724027041.3662000,0.18743,3016549913.50503,5299328311.415150,5299328311.415150,11.57,1.0,0.228,3.0,-1.0,23.175950219649800,21.79709829750400,21.120527485755800,20.79169108716440,20.5231227916127,23.09747828308640,21.393847613861200,20.135543447278,19.94917967717060,22.047099551024500,20.236319845188200,-18.929472514244200,2.0554227338939600,9.42,-0.67,-10.1,8.6,280.9833342235820,460.5383118125460,499.9788429669510,269.3017985397930,20.127738636183500,20.23687797388310,20.35550824481170,21.77982093752580,1.0353995053721800,0.015528920884987600,28.5133969472581,27.567041115021400
45,10494,24,cosmos,2.79721195,0.48539691,1.559120436,0.7083629568,1.949979488,0.5391716383,5.734868157,0.7131099291000000,3.808296947,0.7295223336,9.3158763,0.8319312563,3.843959211,1.101229093,0.4238536759000000,0.06744907168,1.509070657,0.8991164594,0.7158881425,0.5521870307,1.914854194,0.993260653,0.5632205042,0.3996558477,5.5975107070000000,0.9723157432,3.840730005,0.7519927165000000,9.590312485,0.7782981856,1.4228077120000000,1.055833476,2.169676127,1.508541312,1.071875469,2.199706653,1.055833476,1.071875469,2,2,2,1.094251137,1.110933916,1.559120436,0.8991164594,0.7083629568,0.5521870307,-23.669164939225200,0.52775,166760895140.41400,0.31652,100015459080.70800,141728312846.64300,141728312846.64300,19.87,1.0,0.3662,2.0,-1.0,21.728791726924200,20.05733912746930,19.250153634571100,18.86893525832690,18.535293973017100,21.663106877269200,19.56655350532160,18.070109456468,17.823766381660900,20.381009748647100,18.159198017574800,-21.869846365428900,2.4786380923530800,10.79,-4.04,-14.83,8.2,597.4412497308440,1482.5348843382400,2507.382853794110,910.0514673926760,18.186009997365700,18.334725980095300,18.502879889411200,20.475820141565800,1.1171102638407500,0.01251787248950640,57.47907820506440,92.32934333708100
46,11218,24,cosmos,2.560498945,0.1950904648,1.159588577,0.5293840615,2.049990343,0.2179832836,5.341833634000000,0.6990958205,2.836831049,0.4853766104,4.923782689000000,0.6004201755000000,3.137740085,1.132068001,0.1618229577,0.06472836546,1.222111977,0.6326369647,0.5096972234,0.3893892039,2.096238217,0.7440213180000000,0.2292337397,0.180774214,6.3861675,1.135040753,2.843503236,0.5015569365,4.997645759,0.6645120621,1.340413092,0.7613252000000000,1.216447325,1.7322444730000000,0.7696373904000000,1.258583201,0.7613252000000000,0.7696373904000000,2,2,2,1.121439385,1.12820414,1.159588577,0.6326369647,0.5293840615,0.3893892039,-22.65388616623370,0.31829,39480028791.3435,0.18743,23248426894.849100,40841706708.77030,40841706708.77030,12.46,1.0,0.3607,1.0,0.3607,22.172638579888300,20.59991120611520,19.89875127616380,19.57013565267440,19.273755970199700,22.102888065912500,20.163904117877400,18.85299759485770,18.62617993983810,20.888199626312900,18.96549789526640,-21.191248723836200,2.273887303724490,10.41,-2.08,-12.49,8.4,665.5473957536390,1219.3480629009100,1991.8229955948900,963.993852013143,18.9639325934532,19.09187191479280,19.230183260530100,20.915844680179900,1.1375961993284600,0.02203200710129000,31.67439387442300,58.63956199739540
47,11319,24,cosmos,2.62850634,0.3782746184,1.145166559,0.7148332537000000,3.125001474,0.2997205459,2.519462554,0.5376469197,1.622346679,0.4927090966,13.66193144,0.6260410924,3.325095836,1.161563314,0.33864065410000000,0.07326599209,1.406190503,0.477625903,0.6445986122,0.161093837,3.411663262,1.4675157580000000,0.173213438,0.2114024626,3.015932925,0.8217630640000000,2.079175439,0.5038506868,4.317732258,0.35908447,0.7223673394,0.5286827348000000,2.924285782,0.9419767012,0.6222189138,0.9941120764,0.5286827348000000,0.6222189138,2,2,2,1.092215331,1.105215426,1.145166559,0.477625903,0.7148332537000000,0.161093837,-22.84607263419390,0.31829,47125074294.555900,0.18743,27750330437.74110,48750432101.74340,48750432101.74340,10.03,1.0,0.3696,2.0,-1.0,22.439391466895800,20.80598261819880,20.06490501591120,19.70941072066310,19.39090449738560,22.376383143597100,20.340973230254400,18.94082877301080,18.695739677874600,21.11308680941890,19.008760619506100,-21.07509498408880,2.374486450984650,10.43,-6.05,-16.49,8.2,649.7004800693970,991.6424536146420,1618.0201571098000,602.8118538742510,19.07567169379500,19.202441603915000,19.36405766070730,21.174917513761200,1.1160078819026900,0.012592685579806800,49.42039925690000,57.012329615200500
48,11577,24,cosmos,2.720484269,0.3535932648,1.375531669,0.6217461807,1.278104986,0.7087404317,4.134293959,1.184166462,4.774853457,0.6832031785000000,4.83934948,0.4980497762,3.562484417,1.053432154,0.3134966048,0.06075726459,1.6379465830000000,0.6308209057,0.5650398477,0.1886557994,1.601136039,0.6009072761000000,0.5706931618,0.3330926759,4.767379861,1.510188666,4.433765368,1.007826731,11.77073884,0.5350985326,1.3162909040000000,1.223427988,1.155659466,1.580600173,1.297970731,2.517626556,1.155659466,1.223427988,2,3,0,1.101741247,1.113908385,1.278104986,0.6009072761000000,0.7087404317,0.3330926759,-22.422683337382200,0.36965,37056469951.64820,0.31652,31730322924.64680,31730322924.64680,31730322924.64680,17.58,1.0,0.2199,1.0,0.2199,21.437065527148400,19.88646760397130,19.190833507996200,18.8594456237297,18.581481173541800,21.363752973919400,19.45525753620680,18.184645549920600,17.968888164983600,20.170234567815600,18.256057094317800,-20.77916649200380,2.246232019152210,10.16,-0.74,-10.9,8.4,730.3778936570450,1607.4092258092900,2518.928193291910,1453.1768701685900,18.19747825811590,18.259138520395700,18.40047923567350,19.77117112715050,1.1245707034553900,0.007976250280610230,70.05917044121360,93.44863328863210
50,12923,24,cosmos,2.375901771,0.4291659073,0.9961993105,0.8197586125,2.299853798,0.4371450729,3.301493277,0.8712424755,2.8392045410000000,0.3815192143,3.129732813,0.4533236878,2.862279056,1.12641353,0.4156230875,0.09230698267,0.7789731907000000,0.5651145880000000,0.9587916416,0.5332629815,2.460504238,1.156428783,0.39016419,0.3398012847,3.311346952,1.17514087,2.810526539,0.5076385097,3.220497667,0.4924749545,1.0188821260000000,0.7167481728,0.8042995359,1.1525814090000000,0.7658714308,0.8389017788000000,0.7167481728,0.7658714308,2,2,2,1.054462329,1.068557119,0.9961993105,0.5651145880000000,0.8197586125,0.5332629815,-22.51683400955240,0.41779,45676376548.17170,0.18743,20491450863.88810,35998385181.3011,35998385181.3011,9.69,1.0,0.3952,2.0,-1.0,23.046209331457600,21.42512699594680,20.676960418750600,20.317000857680700,19.997278216537100,22.975823002460500,20.964244277244200,19.511731799189500,19.243950790772300,21.728199558085100,19.59292460294760,-20.613039581249400,2.369248912706980,10.21,-2.28,-12.49,8.4,527.167738310756,646.2553476903270,1002.5051021574700,357.92168120101200,19.673239478947500,19.805043123371100,19.990845771521900,21.859450195383700,1.0783923493743900,0.015309646625051400,33.93646402996870,33.66337100471010
53,19842,25,cosmos,2.44282562,0.3174163735,1.119786947,0.6481806199,1.208610517,0.5376744307,2.896334197,0.8307293058000000,2.720282702,0.2917819631,4.01644361,0.3436239032,2.930716986,1.03042355,0.3037989731,0.049666363100000000,1.142172039,0.4879974569,0.6426618964,0.1845084723,0.9559825695,0.5888830303,0.9712443993,0.4138111191,6.630405644,1.212656082,2.693890042,0.3083384062,5.899622585,0.5763058395,0.9226418699,0.654741874,0.9289049307,1.813327347,0.6567968094,1.395473585,0.654741874,0.6567968094,2,2,2,1.075668555,1.086473232,1.119786947,0.4879974569,0.6481806199,0.1845084723,-21.99256098054370,0.31829,21470758468.238500,0.18743,12643388921.11580,22211291303.9951,22211291303.9951,13.98,1.0,0.2311,3.0,-1.0,21.91220829500870,20.348484280679100,19.663967490524100,19.320036066611200,19.031289623620000,21.837318349484500,19.917939559355200,18.633427449320700,18.43911682772770,20.633182981449300,18.735619639356300,-20.41603250947590,2.248240804484540,9.96,-29.11,-39.07,7.2,836.3665288853470,1432.7639547597400,2117.0532186777800,943.7545818867630,18.63942110885330,18.727386714406800,18.85487882390400,20.257111966978900,1.093130957990880,0.01960794721020650,88.15390786511640,79.48582045195460
54,19926,25,cosmos,1.424197694,0,1.038538517,0.3464524921,1.356107901,0.4109548175,1.778701064,0.1934648734,0.9411866508,0.3093468985,1.397698357,0.4062679558,0.0,0.0,0.0,0.0,1.250101133,0.4823010176,0.310016487,0.2085281811,1.242671438,0.6004785624,0.34569345490000000,0.3584775069,0.0,0.0,0.8729285111,0.4271961556,3.281140221,0.6485650739,0.4292751499,0.3169033879,0.4475763844,,0.3547548689,0.9183657222,0.3169033879,0.3547548689,2,2,2,1.063497997,1.063497997,1.038538517,0.4823010176,0.3464524921,0.2085281811,-19.76155820097980,0.41779,3610616156.092070,0.18743,1619803695.9628900,2845592425.4795900,2845592425.4795900,6.79,1.0,0.2275,2.0,-1.0,23.358820157329600,21.96494462824890,21.331816093461000,21.0228313514862,20.79619140729040,23.285112989917100,21.57221484661250,20.488457254951700,20.326002614802600,22.21432344951920,20.634894291120100,-18.718183906539000,2.027004063868620,9.33,-1.21,-10.54,8.6,265.3854397821260,379.3261530146130,572.7470132922760,388.7315153849530,20.49915687962880,20.599925355999700,20.69125450917100,21.88988888771110,1.0707845210487700,0.021628028825995500,21.174757252517400,20.622156996941600
55,20236,25,cosmos,2.586774796,0.4521654462,1.24751645,0.7504905966,2.54999992,0.4112213232,2.496655104,1.401411662,2.192079063,0.7449831901,3.180341543,0.8924245921000000,3.161545372,1.251893025,0.4209137927,0.1040816753,1.017581273,0.7307214048,0.8074651048,0.4895466996,2.497479482,1.166863338,0.4157395366,0.2429319781,4.887495362,1.826074072,3.598504042,0.517133505,3.264534554,0.8916613188,1.09251145,0.7487093819,1.004543171,1.740907702,0.9229942886,1.020560334,0.7487093819,0.9229942886,2,2,2,1.059384841,1.074365448,1.24751645,0.7307214048,0.7504905966,0.4895466996,-21.942496628828300,0.36965,23811642965.362400,0.18743,12073627055.316900,21210361343.35520,21210361343.35520,13.48,1.0,0.2254,3.0,-1.0,22.073949636771500,20.59303922078930,19.85126185442140,19.494821851103500,19.19501545826220,22.004230345556500,20.14555825355550,18.77403615887750,18.55655202406650,20.876896579441400,18.837993967771700,-20.178738145578600,2.2226877823501000,10.09,-0.63,-10.72,8.8,578.4581281127870,855.0520554150470,1267.4618064728100,624.6179437776000,18.77028071989600,18.86999769760910,18.988732027225300,20.50800167241150,1.0726204250574500,0.009600473590429840,64.06142753435420,69.32627715910710
60,12115,26,cosmos,1.5815934390000000,0.5658303866,0.9859819818,0.9207907512,1.800025219,0.6799543855,2.294422533,0.8445039239,0.9973777586,0.8104028469,1.37783571,0.7306845557000000,1.877141336,0.7439061125,0.5359658291,0.08693456166,0.8125708640000000,0.5698861280000000,1.043946703,0.5350950337,2.398294947,0.7543999871000000,0.5118220147,0.2156173623,1.985698752,1.032331266,1.103657734,0.9110260511,1.418141551,0.8072952383000000,0.8117392003,0.5450978682000000,0.5844032544,0.8332444143000000,0.6093701443,0.6254519568,0.5450978682000000,0.5844032544,3,2,0,1.093504394,1.113124679,0.9859819818,0.5698861280000000,0.9207907512,0.5350950337,-22.495903516049600,0.41779,44804274273.9064,0.18743,20100206149.40110,35311065477.791300,35311065477.791300,12.86,1.0,0.3607,1.0,0.3607,22.9963758110922,21.44469958212800,20.65198320318280,20.26363250702180,19.946871658230900,22.91908383423850,20.96590541198420,19.44999143460770,19.186308336460300,21.739845943525000,19.514887235150400,-20.438016796817300,2.344392607909450,10.2,-0.89,-11.09,8.6,377.2194788078310,511.8992461965900,791.6324361860310,255.67876810752100,19.58383220602310,19.719421161486300,19.906595133439400,21.859296126991900,1.1247421411699600,0.0340372854254254,35.45838660622350,39.38418157935450
62,16320,27,cosmos,2.547865034,0.3911710859,1.272277467,0.6880696396000000,1.609019474,0.6327824968,2.689348523,1.275717997,2.324526749,0.7318650448,3.41238955,0.7719085725,3.206326533,1.129553095,0.3674942287,0.06194264197,1.5195317170000000,0.5425043389,0.6332493434,0.16381642120000000,1.617548503,0.7361336525,0.6091737006,0.3549653548,5.389980745,1.671856246,2.327752941,1.126200014,4.470042504000000,0.7504372258000000,1.075420421,0.7687386778,0.9973391027,1.7716009120000000,0.9403690126,1.19339753,0.7687386778,0.9403690126,2,2,2,1.093917336,1.107242652,1.272277467,0.5425043389,0.6880696396000000,0.16381642120000000,-22.122505877450800,0.36965,28105612971.70170,0.31652,24065977594.48950,34103031999.480200,34103031999.480200,13.8,1.0,0.2204,3.0,-1.0,21.764473939645200,20.199890058047200,19.482187016794700,19.147007419632900,18.865462380454700,21.69311867741300,19.764346393198700,18.47156810545590,18.259622525850500,20.487640324541400,18.545563762149200,-20.497812983205300,2.2822869228504600,10.15,-0.95,-11.09,8.6,944.9231657822740,1848.3404626636800,2331.313495525900,1157.9339616495100,18.468095440849300,18.56637305416030,18.675145982375800,20.058786085140100,1.1168217592716400,0.018525146905217000,61.04140876277980,79.89812036186770
64,18177,27,cosmos,2.68191753,0.4842694562,1.107438712,0.8213420454000000,2.3000050990000000,0.4497685078,3.522297668,2.940446976,2.935191694,1.5153935180000000,3.284696202,1.544875707,3.3613428460000000,1.367447883,0.4495499248,0.1796739253,0.8927440985000000,0.6281681518,0.9122776104,0.3910005313,2.085419085,1.081388981,0.5093977851,0.302600955,3.719981582,3.475534515,3.949730266,1.260472307,3.78020816,1.4498187830000000,1.959070079,1.227092571,1.307742515,2.229496736,1.3135434260000000,1.362736866,1.227092571,1.307742515,3,2,0,1.074091868,1.090240582,1.107438712,0.6281681518,0.8213420454000000,0.3910005313,-23.640155668141600,0.31829,97923124302.2251,0.18743,57663549555.330200,101300521939.7120,101300521939.7120,16.51,1.0,0.3482,1.0,0.3482,21.446093003622400,19.976585254134400,19.22650486023100,18.863108829306800,18.5568709808905,21.37812601838960,19.52810051762000,18.10385956549200,17.864663200399000,20.25936118550300,18.19118637725840,-21.78349513976900,2.2195881433914000,10.71,0.0,-10.72,8.8,753.285648829049,1163.8227796843800,1831.556776898590,596.7174039068770,18.21617893323770,18.336679215383100,18.488446541072700,20.26515542707340,1.0995309015565600,0.01758139440137220,62.81288585668990,85.88721814817350
65,18192,27,cosmos,0.6467084515,0.3537026892,1.033817067,0.6921915886,1.356051671,0.7832565301000000,3.336000828,1.42041778,1.273872607,0.4589996942,1.825286859,0.7027971512000000,0.8657389062,0.2853218517,0.2990437143,0.09766991616,1.151593987,0.4671573756,0.6765654954000000,0.1779480943,1.234466215,0.7083597486,0.6813087022,0.4396586384,7.933095333,0.7708349186,1.181686855,0.551230789,7.566917762,0.8745387928,1.263733231,0.4463997387,0.6591935623000000,1.87468046,0.468495731,1.848549343,0.4463997387,0.468495731,2,2,2,1.078416585,1.090327658,1.033817067,0.4671573756,0.6921915886,0.1779480943,-21.421743023352700,0.41779,16659242501.083800,0.18743,7473711247.225000,13129452765.3753,13129452765.3753,12.18,1.0,0.2135,2.0,-1.0,22.36604593498530,20.865326876783300,20.135667694853200,19.81655655544510,19.5383423884258,22.29375465373560,20.424791210759400,19.12856615962210,18.905587930666700,21.153191879691800,19.180448565247300,-19.77433230514680,2.2303782401320600,9.84,-0.7,-10.54,8.6,475.85186916291900,643.0606441980780,1028.8146898067500,590.3084909244930,19.11661520486840,19.209593266967600,19.3387582398718,20.708718735288900,1.0999092922470600,0.010431183574241200,41.08902334091740,47.62825036784330
66,18990,27,cosmos,2.14959211,0.2648625327,0.999597483,0.653997013,1.609000521,0.5074375649,2.8379563360000000,1.5168961930000000,1.106902239,0.7347221444000000,2.123142176,0.9262001939,2.544969194,1.051022601,0.2676281244,0.06204464057,1.088093618,0.4643286599,0.6352769242,0.2308650501,1.681400414,0.7940991902,0.4635915665,0.3727197553,2.429599893,1.924945693,1.065267512,0.8440138561,3.228115199,0.9549076179,1.2088635560000000,0.5335457192,0.813908576,1.306522257,0.572855804,1.040915457,0.5335457192,0.572855804,2,2,2,1.099241937,1.108274345,0.999597483,0.4643286599,0.653997013,0.2308650501,-22.571155503548200,0.41779,48019788416.15660,0.18743,21542758186.74510,37845270802.21250,37845270802.21250,12.38,1.0,0.3493,1.0,0.3493,22.19274905836650,20.672727515821100,19.98191115613510,19.66177869003860,19.39391976109940,22.125513224361000,20.241660408393200,18.969764648262700,18.764933715148700,20.95305516239970,19.102841509451800,-21.038088843864900,2.2108379022313600,10.32,-2.18,-12.49,8.4,575.8845586231110,1121.313868457700,1654.9728404734700,659.6542630374110,19.074543341824900,19.19121644128470,19.367144647784800,20.950571274008700,1.12108704303734,0.011129689407778800,42.84922670593500,51.851275404671800
69,12893,22,goodsn,1.245913876,0.3313696225,0.6593795095,0.9707517565,3.625005044,0.17905017420000000,7.173229797,0.5444501513000000,1.835639571,1.554196754,3.912895703,3.326739181,1.610479365,0.5902346749,0.3625887986,0.1069339817,0.6923093173,0.345393392,0.9499670043,0.3848209708,3.619051839,1.533715468,0.1625234266,0.1429587205,7.339716593000000,2.040416067,1.862634059,1.564916533,4.652301154,3.3642135630000000,1.628961695,1.03041438,2.202430491,2.310016858,1.0403046740000000,2.362255181,1.03041438,1.0403046740000000,2,2,2,1.080803618,0.0,0.6593795095,0.345393392,0.9707517565,0.3848209708,-21.95860565161570,0.34973000000000000,22865207584.76070,0.15107,9876896205.157670,18852265423.35310,18852265423.35310,7.495,1.0,0.3198,1.0,0.3198,23.077770507091000,21.55588760976490,20.82817581316330,20.47958739500850,20.201873176602500,23.01519068814140,21.099659315535100,19.779686368032300,19.53211511553650,21.84793208505520,19.83214610488430,-19.99182418683680,2.2495946939277700,10.01,-1.27,-11.28,8.8,587.512840277496,1056.1559448592800,1572.7586431051900,787.2749483692480,19.840233363749800,19.968212884879400,20.091253489423600,21.736415359838700,1.1124970885568000,0.010738859595746600,63.46313774898100,62.48737373258310
72,28082,26,goodsn,0.9287485579,0.4879709167,0.31837463050000000,1.601036528,1.609001872,0.7835412688,8.996925092,4.073015793,7.23898596,4.279539669,7.852370597,10.4798824,0.7727192848000000,0.359177989,0.6247857123,0.17883355470000000,0.3124012782,0.1630408343,1.646809936,0.3915321382,1.288792721,0.8336469543,0.8900983227,0.5374550926,7.723834208000000,4.507515002,6.680722033,4.727452602,9.993302415,10.14191034,3.51324452,3.261456472,6.069347245,3.454463573,3.347293755,6.3385001240000000,3.261456472,3.347293755,2,2,2,1.048347271,1.063704679,0.31837463050000000,0.1630408343,1.601036528,0.3915321382,-23.09887694134490,0.27175,50783231070.577800,0.17474,32654505233.754400,50150601705.73830,50150601705.73830,7.548000000000000,1.0,0.4478,1.0,0.4478,23.224577491760100,21.635438857504500,20.948473231374400,20.628256877895500,20.325089698807100,23.15574846691490,21.209061560030500,19.930494957484700,19.694435721889700,21.92550112727840,20.07215958665510,-20.62152676862560,2.2761042603857300,10.15,-1.46,-11.61,8.4,450.9458356416420,699.7992325696740,1346.5471255453200,443.07835528779100,20.129885640754200,20.2364922755167,20.395848015492100,22.213706139594600,1.0998857794751500,0.01744501816490640,25.35560062285630,36.03280112348630
74,31165,9,goodss,2.909092045,0.4326442728,1.278799526,0.7143327864,3.125002323,0.2295347793,9.330903172000000,4.558067216,13.56428151,2.216949432,9.592063767,2.880185632,4.087157627,0.9944614802,0.3489691261,0.06425252659,1.577805813,0.5343665545,0.6460226422000000,0.1628133213,3.30347499,1.453264305,0.2173891182,0.1843331337,8.650511056000000,5.652308456,12.9027085,3.173245608,19.70488149,3.0372732730000000,3.788437834,3.5952241710000000,3.111533025,4.130842045,3.881462516,5.143308219,3.111533025,3.5952241710000000,2,3,0,1.092307865,0.0,3.125002323,1.453264305,0.2295347793,0.1843331337,-22.85391822258550,0.71732,106974491029.657,0.63498,94695062613.63350,94695062613.63350,94695062613.63350,24.904,1.0,0.29600000000000000,1.0,0.29600000000000000,21.290204844967500,19.677258295697200,18.96101847231550,18.636225031763400,18.36970580519000,21.22686932903640,19.225179723912700,17.958750473519100,17.71582027741050,19.973667105860200,18.015616556714500,-21.67898152768460,2.3291863726520700,10.69,-4.31,-15.0,8.4,808.9882082802100,1685.663202368110,2229.5340105293100,2008.8792488103300,17.988463912055300,18.107016601003700,18.230421415553100,19.81843375825870,1.0996939319295000,0.008827588307147480,47.82642494122550,140.73332432683200
75,13531,10,goodss,1.381039489,0.09053303245,1.033999585,0.4609669592,1.433996934,0.446080352,4.138156811,0.5863398,3.570485203,0.7546301066,4.083288199,0.7479895567,1.810626244,0.5360188387,0.09803619495,0.05840660774000000,1.263243748,0.4450176667,0.4003676882,0.1976478166,1.5426442480000000,0.6414011117,0.3162215056,0.3526264789,3.41788808,1.531166588,3.030747279,1.218061777,5.902064295,0.7322597593000000,1.057792637,1.020544458,1.117238172,1.327660037,1.116708745,1.463577331,1.020544458,1.057792637,1,2,0,1.155246083,0.0,1.033999585,0.4450176667,0.4609669592,0.1976478166,-22.3340468646882,0.41779,38599065167.49650,0.18743,17316409642.030400,30420627040.594300,30420627040.594300,17.14,1.0,0.415,1.0,0.415,22.418745218335900,20.965754775138600,20.311456902657900,20.012649484200000,19.7574036371178,22.33729306526320,20.561414452447500,19.424107641510400,19.206790427774900,21.22177923966690,19.5269200945118,-21.08854309734210,2.10728831567792,10.23,-0.67,-10.9,8.4,414.1772675508660,508.7548019936570,877.7361798899070,531.575599048088,19.52209227161400,19.631947830985100,19.76736471744570,21.466284494013400,1.1730671397131800,0.019034371505698000,27.092936620407200,34.190628639220500
76,40504,11,goodss,2.426072709,0.1712844158,1.0347982690000000,0.5510270357,1.899979116,0.3121894706,11.08914778,2.572120907,6.520782085,0.4472143161,10.840033300000000,0.6485023216,2.978624524,0.9740621262,0.1575185679,0.048010156510000000,1.071422864,0.4647789726,0.5419098441,0.289965755,1.905773182,0.6978283693,0.2740866676,0.2159186931,14.89957474,3.846675038,6.4475555270000000,0.4949769225,11.09070608,0.6824175792,3.2686362680000000,1.4601063680000000,2.386084738,4.5612371110000000,1.4665999370000000,2.449466461,1.4601063680000000,1.4665999370000000,2,2,2,1.119043161,0.0,1.0347982690000000,0.4647789726,0.5510270357,0.289965755,-23.55504026910990,0.41779,118843148326.10300,0.18743,53315711938.44150,93662452079.35160,93662452079.35160,19.003,1.0,0.4204,1.0,0.4204,21.523872222158300,19.98737062501500,19.29430027737790,18.986937277043400,18.72652991832700,21.4535839290642,19.554493548967900,18.345319273766600,18.143244110572900,20.2694559115878,18.42598676659010,-22.135699722622100,2.229571944780400,10.71,-0.9,-11.61,8.4,765.4783251140880,1592.7206853722000,2325.7869848570600,1634.3067664946100,18.452288751163800,18.60054266202270,18.74890591511270,20.485280451287600,1.1373348249682300,0.01025712051438480,55.013476677507500,103.81887655472500
77,12009,19,goodss,2.775508101,0.5810846952,1.63422061,0.7915591397,3.625000186,0.39428982,5.970080808,2.78628952,7.690187356,2.007319221,12.00900179,2.036018833,3.915897333,0.9608206164,0.5231042094,0.05693320577,1.7446925570000000,0.6458613724,0.7668470885000000,0.3731446542,3.096553292,1.701030008,0.3958014488,0.1868581498,5.872491271,3.762892078,7.523066108000000,2.138773026,16.61738982,2.195716689,2.3675171880000000,2.363716942,3.214767311,2.772072775,2.388271333,4.17885313,2.363716942,2.3675171880000000,1,2,0,1.112865954,0.0,1.63422061,0.6458613724,0.7915591397,0.3731446542,-22.84130374510820,0.52775,77794651573.3821,0.31652,46657627884.42800,66116847758.008000,66116847758.008000,25.287,1.0,0.219,2.0,-1.0,21.382694481336300,19.72038248519390,18.946714248343900,18.580858116178500,18.300474413770100,21.322761541799500,19.23971117894790,17.89437112953250,17.66091573321260,20.04082717953850,17.910255394591800,-21.013285751656100,2.4359802329923600,10.6,-18.86,-29.46,8.0,1303.4163786725900,1931.943852679930,3179.2274540409300,2364.9037211427000,17.8425628773552,17.952007619289100,18.07913445880060,19.677342260091700,1.1399927540026500,0.01505611715528000,112.98165918527400,138.5808021470020
79,42037,23,goodss,2.587901102,0.5001872268,1.178465326,0.829884603,1.800014213,0.6274389856,13.02432919,7.5740720440000000,9.641419332,3.673695041,9.348904388,3.3368540060000000,3.355570945,0.8826355757,0.4797144448,0.05295910165,1.272392942,0.6470863346,0.8081842882000000,0.3684765516,1.786752844,0.8837671655,0.650893863,0.4392220345,12.81114579,9.58906947,8.778624204,4.2213292010000000,15.68318538,2.963917926,5.8135024820000000,3.465223052,3.2623524660000000,6.6459139910000000,3.535172307,4.330585708,3.2623524660000000,3.465223052,2,3,0,1.098166291,1.108922988,1.800014213,0.8837671655,0.6274389856,0.4392220345,-24.24386266900710,0.5582700000000000,299494849573.14100,0.39832,213686546799.8880,213686546799.8880,213686546799.8880,15.556,1.0,0.4187,1.0,0.4187,21.071036511346400,19.546041237914600,18.778415246731400,18.431457331137,18.126349123866600,20.994567766958400,19.08711337924400,17.714294200269700,17.473391613594500,19.83491236073160,17.803576316592900,-22.64158475326860,2.292621264615000,11.01,-0.08,-11.09,8.6,1758.8382161402200,1916.4827799048500,2999.790636545270,1691.5992254884700,17.86521110281980,18.006495428551500,18.174012450145100,20.043194332732100,1.1196747841359600,0.011785727202170400,57.87770916861090,142.3597163778140
81,37586,29,goodss,2.515592472,0.3604665879,1.089145309,0.715058195,3.125002102,0.2996896429,6.936108878,2.406677522,3.646871365,0.6042613392,67.40912499,2.94694245,3.0806179310000000,0.9797311474,0.339036681,0.04970922613,1.165488632,0.5841388484000000,0.6920362557000000,0.452614552,2.341158256,1.28282995,0.3286022375,0.2246654493,10.6090764,3.475414798,3.55007923,0.7166986617000000,12.85623966,0.7714469744,2.390476201,0.9701691043,14.36709604,3.567133134,1.000133111,2.8308962330000000,0.9701691043,1.000133111,2,2,2,1.096957078,1.107645701,1.089145309,0.5841388484000000,0.715058195,0.452614552,-23.31086717149100,0.31829,72305255121.16530,0.18743,42578070210.688400,74799084842.83940,74799084842.83940,11.744000000000000,1.0,0.3875,2.0,-1.0,21.952650804163800,20.347863351688300,19.605338555791400,19.270008133169800,18.9890019878852,21.881736593378900,19.893482473889000,18.564892878101300,18.33646032137660,20.64603777768860,18.654191023509000,-21.644661444208600,2.3473122483723600,10.62,-1.16,-11.78,8.6,1772.8160430913800,1751.396945484570,2827.7101261514500,1577.0678485864900,18.685091536472200,18.81806994078450,18.972843306850800,20.766339784845300,1.1213630228918200,0.014993770005447400,42.964475048446000,110.06854789516400
83,33214,1,uds,1.225753381,0.3469497101,0.6408652812,1.037192415,1.800001062,0.5113019999,7.305615245,0.5940188214,4.939088037,0.451639398,3.49173655,2.468939661,1.53805243,0.5269963355,0.3766989667,0.08077109284,0.6754222257000000,0.3359347845,1.012710908,0.4115579909000000,1.912285568,0.8303898315,0.4832474293,0.3410720729,7.005270308000000,2.103220309,4.878104223,0.504596381,3.25508988,2.689617391,1.676163127,1.154900253,1.7486661,2.272310976,1.166023602,1.798412485,1.154900253,1.166023602,2,2,2,1.106347862,1.116974102,0.6408652812,0.3359347845,1.037192415,0.4115579909000000,-22.982106698973300,0.34973000000000000,58691548434.87120,0.14964,25112524827.13560,47700628337.71440,47700628337.71440,8.627,1.0,0.4589,1.0,0.4589,22.8139346244508,21.31291927012190,20.611938872485000,20.286362297923100,19.976202795536600,22.73943006276770,20.901196622603800,19.55990214852330,19.31165825688260,21.58430224364280,19.685085716026700,-21.018061127515000,2.2019957519658300,10.37,-0.73,-11.09,8.6,557.340463707125,503.3770938459430,737.6901053382770,338.77551266829000,19.734792243311800,19.861336463140400,20.05453120586690,21.93452563023440,1.1369438085074900,0.017326058694762500,34.27573604264880,48.835591542357600
84,34421,1,uds,1.122824089,0.519450551,0.5829704012,1.27258644,1.6799608470000000,0.8109270249000000,5.252465302,0.6384437853,4.410638831,0.6245850552000000,4.728970308,3.067525862,1.187964821,0.5801556380000000,0.6020207215,0.27211228940000000,0.7046113605,0.2733066872,1.203982516,0.2991539295,1.802705065,0.8231978928,0.7145499805,0.4187050054,5.626111821,1.741658897,3.937104196,1.1612982,4.707685693,3.232926168,1.296758181,1.127286873,2.248483376,1.847721619,1.268084777,2.316076505,1.127286873,1.268084777,2,2,2,1.114716929,1.130551111,0.5829704012,0.2733066872,1.27258644,0.2991539295,-23.124547408396700,0.33754,64586865699.20450,0.14964,28632987448.09200,54387661211.350500,54387661211.350500,7.143,1.0,0.4594,2.0,-1.0,23.100075356114200,21.555801149677,20.824195148148000,20.468682507950900,20.141033726696700,23.027949922423,21.12911245698110,19.683016123713800,19.404069177429200,21.838770050145800,19.778039031603300,-20.80580485185210,2.2758802079662800,10.3,-0.8,-11.09,8.6,557.2666464845230,506.82118939121100,722.7074166659250,317.6444705262400,19.892110638769600,20.032004670256500,20.225591010183500,22.19353155729570,1.152561357501920,0.023268323442333400,36.21401508047910,40.11925444845290
85,24951,2,uds,2.786699964,0.7988319827,2.22286823,0.8711154703,2.000046521,0.8349511466000000,10.37540415,3.938563443,3.317599005,3.843693028,6.065498672,2.129733748,3.916005521,1.00855084,0.732009065,0.06393221561000000,2.39625261,0.8929867753,0.8435300956,0.1412787011,3.101916137,0.6006568997,0.5835647612,0.1087784873,9.931960086,4.797432814,3.160790688,3.979037957,8.039918536,3.4668669480000000,3.722604915,2.31101663,2.101328635,4.008949128,2.339260924,3.064560743,2.101328635,2.31101663,2,3,0,1.092701546,1.119975048,2.000046521,0.6006568997,0.8349511466000000,0.1087784873,-23.656222293774500,0.57182,178545232710.00800,0.39832,124371545404.23600,124371545404.23600,124371545404.23600,24.724,1.0,0.325,1.0,0.325,21.699452478092500,20.031632177719300,19.229854172173400,18.843529631756100,18.483802055369900,21.638434845943200,19.555646663179500,18.010850781743900,17.718934669251700,20.34273893231400,18.028728852825500,-21.620145827826600,2.4695983059191200,10.73,-4.09,-14.83,8.2,942.1453497036610,1341.3479119316700,2033.092671858320,899.827994597777,18.10028299990290,18.216288252550600,18.387097657349400,20.27041793004940,1.1194225143149400,0.003945519927465730,56.991332818282400,119.58942155896700
87,32796,4,uds,1.248190799,0.2198149274,0.9500123537,0.6250134031,3.31080425,2e-17,2.941940137,0.4262286156,2.46343522,0.7669691507000000,2.482102702,2.520763483,1.527301077,0.5379696787,0.2492206689,0.1105935469,1.02758682,0.4880277242,0.6627071693,0.3780758324,0.0,0.0,0.0,0.0,2.886342338,1.143353455,2.160585712,1.08651311,0.0,0.0,0.7560851241,0.8109341391,1.5750941630000000,1.056271586,0.8906990768,,0.7560851241,0.8109341391,2,1,0,1.131431386,1.138794202,1.248190799,0.5379696787,0.2198149274,0.1105935469,-21.154105842489400,0.36965,11519484574.295800,0.18743,5840922477.371210,5840922477.371210,5840922477.371210,7.974,1.0,0.448,3.0,-1.0,23.6997938490302,22.221112854699700,21.51662803822430,21.21642991160090,20.932246219840300,23.628228186913400,21.805742081023600,20.552990876272800,20.325552654970200,22.497440681366300,20.645709084910600,-20.063371961775700,2.1831658108058700,10.0,-1.28,-11.28,8.8,211.88311213979100,234.8932277622940,354.02470719365900,215.8780238210300,20.71771833814780,20.82889845140490,20.99429727838460,22.798770190408400,1.1372545548768600,0.025877494090931600,20.542621906265200,20.44674605652460
89,13976,14,uds,2.245959394,0.4916929207,1.07578166,0.8561354281,3.218440414,0.3001056016,5.086843996,3.067757485,3.238303743,1.371498722,4.332590721,3.26312335,2.552137903,1.023501633,0.4908437291,0.05135525012,1.278754792,0.4648500422,0.8105409838,0.1697633502,3.591529104,1.574360623,0.2953102533,0.2075300093,4.787835939,3.501256083,2.325391094,2.028547699,4.568907398,3.46594098,2.318073856,1.223549108,2.256337579,2.448001288,1.331214688,2.39017645,1.223549108,1.331214688,2,2,2,1.101481152,1.1184191490000000,1.07578166,0.4648500422,0.8561354281,0.1697633502,-22.827355468678300,0.31829,46319640675.13950,0.18743,27276038366.714,47917218837.60310,47917218837.60310,11.591,1.0,0.3499,1.0,0.3499,22.379896227930400,20.841122224126800,20.102364305524000,19.738108113734200,19.4327272875863,22.31712521502340,20.3838201060727,18.98644625740340,18.720104532968800,21.121015185843100,19.04877995942170,-20.917635694476000,2.277531922406340,10.37,-1.41,-11.78,8.6,862.8217818133580,835.7736411167790,1336.0173814274300,858.254909689536,19.076316668631600,19.19092373511960,19.369159052024400,21.07903578723030,1.1301129442053600,0.0081715482893955,39.10622633456840,74.07972324808070
90,14700,14,uds,1.865455554,0.5700955175,1.309242716,0.8792670268,1.6881141080000000,0.7995263961,10.66857072,2.0623353140000000,7.23958231,1.7121310370000000,13.14944103,1.387471935,2.479985617,0.6432317008,0.5810016977,0.03346315624,1.745110158,0.4864046607,0.7662652282,0.1351560374,1.6526124010000000,0.7650541188,0.7686358309,0.363730298,7.362101905,3.319343468,5.476411066,3.1673960080000000,20.58018929,1.043227876,2.965901611,2.148212064,3.15496859,2.868972108,2.436926326,4.448550432,2.148212064,2.436926326,2,2,2,1.137832493,1.157145581,1.309242716,0.4864046607,0.8792670268,0.1351560374,-23.9869131901894,0.36965,156515007587.03700,0.31652,134019018534.9630,189913534976.58500,189913534976.58500,14.988,1.0,0.4461,1.0,0.44612,21.852323991228600,20.293214905070100,19.51585303505890,19.137988110612600,18.79139194656700,21.785077734799200,19.82586675106690,18.351669215936900,18.072627087590700,20.59478600395990,18.462353836610600,-22.054146964941100,2.33647095616962,10.81,-0.8,-11.61,8.4,677.9518811666110,997.0718580224560,1599.1960716785400,706.4122940156120,18.530762479873200,18.658242804305000,18.851907634266400,20.852311042096800,1.1665716838671300,0.010940898290106200,45.10811084288700,92.52336053331280
91,30019,19,uds,2.351812975,0.6516546747,1.111471093,1.011951803,3.250048275,0.428123916,8.14126644,5.0780437,8.119308664,2.433040502,13.02842266,5.135698039000000,2.5543607180000000,1.332843224,0.6603491557,0.1897122435,1.34314909,0.4551804657,0.9533476711,0.16484728100000000,2.529519605,1.475824655,0.599828241,0.2344470025,7.398376036,5.556932357000000,6.494406903,3.682407074,12.16212132,3.577289056,3.782928912,2.6316560730000000,4.756893165,3.846349058,2.857930662,3.912873163,2.6316560730000000,2.857930662,2,2,2,1.103393904,1.125866492,1.111471093,0.4551804657,1.011951803,0.16484728100000000,-24.23397996001290,0.31829,169205695823.40700,0.18743,99639396676.55680,175041650521.49800,175041650521.49800,13.334000000000000,1.0,0.4355,2.0,-1.0,21.734940524822000,20.172100592369800,19.396320581123100,19.021819569025400,18.682724484996900,21.67217608474160,19.73169519559180,18.218918749796600,17.916633310733800,20.468983482672800,18.287971842987100,-22.113679418876900,2.3386199436989200,10.87,-0.91,-11.78,8.6,889.9968398470370,1163.567101428500,1658.1442694736000,697.0510579829620,18.375725933730500,18.523246515230700,18.741075051191800,20.736808395108200,1.136135145601420,0.005347828850221310,50.43595132602770,98.73641870813150
92,31083,19,uds,2.264749855,0.09666945748,1.007444351,0.4926307604,1.227487603,0.3481460079,4.762819741,4.104546174000000,6.117777277,1.450999102,9.923936608,0.9821242371,2.794392235,0.899872737,0.1015890306,0.04508982523,1.135459897,0.4388577247,0.462719022,0.1927678133,1.64874794,0.499655325,0.3043711991,0.2618257277,4.117819379,5.195376126,5.259129842,1.973753428,12.12306218,2.194873877,2.704761333,1.817145629,2.352877478,3.05255842,1.877111088,3.305802663,1.817145629,1.877111088,2,2,2,1.082102569,1.085339553,1.007444351,0.4388577247,0.4926307604,0.1927678133,-22.95817753645740,0.41779,68584986155.908800,0.18743,30768768891.553100,54053078109.004100,54053078109.004100,10.928000000000000,1.0,0.43,1.0,0.43,21.86822534989950,20.43275690403080,19.81017501638480,19.54022466548990,19.267549924144900,21.792521922790600,20.081307910121100,18.89324021555240,18.645013449664000,20.678204720452700,19.014453223942600,-21.669824983615200,2.058050333514740,10.37,-99.0,-99.0,7.0,887.0744836476350,868.7925787286250,1251.7846481455900,755.4773592962680,19.027166395202300,19.13924564905180,19.300488919644500,20.885721840127400,1.0984825626863300,0.007724516572562940,30.31613701443040,73.58731266842800
95,32850,23,uds,1.229832048,0.1469294901,0.9500030433,0.5419114236,1.800002713,0.3039164446,2.945023272,0.4358631468,2.008039695,1.039357256,2.120481145,1.58848947,1.515498993,0.5237405166,0.1697719417,0.09129289903,1.039657204,0.4429069957,0.5627513156,0.2689377252,1.924687652,0.7029879122,0.2803041942,0.2244798242,2.631512349,1.465567796,2.022008842,1.058691856,2.333315379,1.634785212,0.7608618186,0.8406292914,1.100594506,1.146518717,0.8517262228,1.161997752,0.7608618186,0.8406292914,2,1,0,1.113237711,1.118295466,1.229832048,0.5237405166,0.1469294901,0.09129289903,-21.132097832855800,0.36965,11288333812.97340,0.18743,5723718129.488970,5723718129.488970,5723718129.488970,8.79,1.0,0.4288,1.0,0.4288,23.386454152338700,21.959169510023000,21.319242728562500,20.998419812902600,20.687807724023400,23.305576683496000,21.58862251161510,20.32284511118190,20.072384717452700,22.208015898319700,20.494831657244200,-20.160757271437500,2.067211423776210,9.96,-1.13,-11.09,8.6,220.8080063341470,299.14091208330800,462.2451800589050,246.6342032871770,20.46341861246040,20.5549812036054,20.72758728889260,22.429675549223100,1.1233338161818000,0.01948172493780640,32.16335768889680,23.95499802002600
96,39073,23,uds,0.9649619066,0.1377857069,0.1604931161,1.786610358,1.010428452,0.9359386815,4.912801227,2.477022112,2.688894551,1.897866338,2.80792106,5.039768448,1.129976512,0.4272446602,0.2157204197,0.09332868389,0.1705858718,0.08660113769,1.7189327980000000,0.2963419307,1.204662585,0.5476016116,0.5833151046,0.4482651762,5.586014573,2.677259652,2.107321867,2.434376741,7.335446872,4.407134185,2.028105955,1.345127736,2.7307297530000000,2.245660271,1.464859458,3.33551828,1.345127736,1.464859458,2,2,2,1.149997875,1.154942428,0.1604931161,0.08660113769,1.786610358,0.2963419307,-21.585233103298300,0.21496,9964394073.282450,0.29738000000000000,13784943754.71130,14917244120.43700,14917244120.43700,7.154,1.0,0.2693,2.0,-1.0,23.457661757549800,22.06216310335290,21.46566958395050,21.147172523713500,20.90835407220830,23.3753879836662,21.69289665549950,20.551411037684500,20.341099575180800,22.30340490407580,20.631377254701700,-18.964330416049500,1.9919921735993,9.19,-1.53,-10.72,8.2,355.87933380665000,290.808878872169,476.46824757672500,404.38170847005200,20.55189783429320,20.647181281622800,20.772158140107400,22.093411651305300,1.2129455358514700,0.025258969700138500,23.680934244690600,24.591817848626400
98,12505,28,uds,1.200576093,0.3292794176,0.9995091994,0.7538286953,2.875000233,0.2315191569,3.940868318,0.6273778793,1.538445027,1.196540222,2.421781294,2.682259297,1.4239690620000000,0.5873592919,0.3745321138,0.1335392458,0.8588326060000000,0.5620494104,0.8424768592,0.4780113017,2.703875002,1.293757666,0.2825228018,0.1932599752,3.559285999,1.342801257,1.825225043,0.9905820928,3.432380102,2.29300405,1.03728041,0.8176084656,1.633414145,1.273431065,0.7839798858,1.660845862,0.7839798858,0.8176084656,2,2,2,1.099481998,1.110657925,0.8588326060000000,0.5620494104,0.8424768592,0.4780113017,-21.851458258442800,0.41779,24748070475.83090,0.18743,11102541586.167700,19504405576.99200,19504405576.99200,8.67,1.0,0.3336,1.0,0.3336,23.08788283871630,21.60833901618550,20.89704623079410,20.550352478591,20.262354322270900,23.016820014425300,21.169401141874000,19.844908941189500,19.577821222470100,21.878375140313600,19.901018600757200,-20.012953769205900,2.1908366079222100,10.01,-1.27,-11.28,8.8,301.2542640547020,550.2563945757620,544.2199803022060,576.2156350421960,19.92637150865900,20.021092595136600,20.18942383362450,21.79252463907270,1.1247920750449000,0.018641477492463300,32.614111501403900,42.05108903137390